epoch,time,train/box_loss,train/cls_loss,train/dfl_loss,metrics/precision(B),metrics/recall(B),metrics/mAP50(B),metrics/mAP50-95(B),val/box_loss,val/cls_loss,val/dfl_loss,lr/pg0,lr/pg1,lr/pg2
1,1.27839,1.71119,3.86767,1.69512,0.01805,0.26337,0.03479,0.01678,1.81802,4.05665,1.89524,0,0,0
2,2.07723,1.65907,3.8167,1.7089,0.01729,0.26632,0.0378,0.01812,1.79537,4.05854,1.87601,1.10963e-05,1.10963e-05,1.10963e-05
3,2.93856,2.12464,3.99394,1.93877,0.01718,0.27203,0.04755,0.02086,1.75329,4.05603,1.83924,2.2165e-05,2.2165e-05,2.2165e-05
4,3.75609,1.95158,3.90782,1.91757,0.01734,0.29703,0.05467,0.02645,1.6756,4.05124,1.78227,3.32063e-05,3.32063e-05,3.32063e-05
5,4.5437,1.72896,3.79395,1.83577,0.01851,0.32005,0.07896,0.03769,1.59629,4.04635,1.71804,4.422e-05,4.422e-05,4.422e-05
6,5.30372,1.56647,3.84476,1.68455,0.01785,0.32847,0.07969,0.04149,1.53936,4.0248,1.65542,5.52063e-05,5.52063e-05,5.52063e-05
7,6.21655,1.657,3.84063,1.78394,0.01768,0.33403,0.08096,0.04818,1.47681,4.00691,1.58638,6.6165e-05,6.6165e-05,6.6165e-05
8,7.00409,1.52684,3.83211,1.53349,0.01791,0.35087,0.11633,0.07647,1.42515,3.99081,1.52651,7.70963e-05,7.70963e-05,7.70963e-05
9,7.77803,1.56482,3.78181,1.57701,0.01754,0.36245,0.14162,0.0905,1.3788,3.96983,1.46716,8.80001e-05,8.80001e-05,8.80001e-05
10,8.55891,1.60395,3.76692,1.65106,0.01686,0.36245,0.16841,0.10407,1.28009,3.92925,1.36357,9.88764e-05,9.88764e-05,9.88764e-05
11,9.3179,1.33372,3.65565,1.46428,0.01802,0.38255,0.17242,0.10671,1.26673,3.89173,1.316,0.000109725,0.000109725,0.000109725
12,10.0761,1.18998,3.50611,1.343,0.01803,0.38826,0.18741,0.12066,1.21311,3.8742,1.25867,0.000120546,0.000120546,0.000120546
13,10.8329,1.27369,3.58942,1.31169,0.01819,0.39692,0.19728,0.13526,1.15697,3.83855,1.19995,0.00013134,0.00013134,0.00013134
14,11.6113,1.20687,3.29575,1.31522,0.01801,0.40549,0.20232,0.14252,1.12395,3.80553,1.16417,0.000142106,0.000142106,0.000142106
15,12.3851,1.331,3.38147,1.36907,0.01806,0.41645,0.20593,0.15116,1.09615,3.77418,1.13268,0.000152845,0.000152845,0.000152845
16,13.15,1.23665,3.11525,1.29569,0.01686,0.40248,0.20403,0.14978,1.08836,3.73948,1.1072,0.000163557,0.000163557,0.000163557
17,13.8863,1.34908,3.16435,1.31696,0.01699,0.40804,0.2108,0.15243,1.08415,3.71175,1.09744,0.00017424,0.00017424,0.00017424
18,14.6317,1.45598,3.3629,1.24027,0.01699,0.40804,0.2108,0.15243,1.08415,3.71175,1.09744,0.000184897,0.000184897,0.000184897
19,15.4025,1.30438,3.13769,1.26204,0.01711,0.41383,0.20905,0.1437,1.07849,3.65919,1.0886,0.000195525,0.000195525,0.000195525
20,16.1533,1.16579,2.96118,1.19667,0.01711,0.41383,0.20905,0.1437,1.07849,3.65919,1.0886,0.000206127,0.000206127,0.000206127
21,16.9345,1.28311,2.99364,1.25014,0.01633,0.40804,0.20631,0.14946,1.05373,3.59808,1.07393,0.000216701,0.000216701,0.000216701
22,17.6992,1.28599,2.68698,1.26003,0.01633,0.40804,0.20631,0.14946,1.05373,3.59808,1.07393,0.000227247,0.000227247,0.000227247
23,18.4719,1.15986,2.6553,1.18257,0.01799,0.43089,0.20982,0.153,1.10841,3.54162,1.10699,0.000237766,0.000237766,0.000237766
24,19.2298,1.26852,2.50797,1.20627,0.01799,0.43089,0.20982,0.153,1.10841,3.54162,1.10699,0.000248257,0.000248257,0.000248257
25,20.0011,1.14832,2.51394,1.11461,0.02295,0.51147,0.23452,0.17521,1.16081,3.44477,1.1467,0.000258721,0.000258721,0.000258721
26,20.7733,1.3897,2.49847,1.21074,0.02295,0.51147,0.23452,0.17521,1.16081,3.44477,1.1467,0.000269157,0.000269157,0.000269157
27,21.554,1.22577,2.42812,1.1325,0.02933,0.60067,0.28688,0.20683,1.20644,3.3297,1.17274,0.000279566,0.000279566,0.000279566
28,22.3015,1.2005,2.3714,1.13042,0.02933,0.60067,0.28688,0.20683,1.20644,3.3297,1.17274,0.000289947,0.000289947,0.000289947
29,23.0528,1.0956,2.06677,1.18209,0.03537,0.66067,0.35779,0.24725,1.18166,3.17381,1.14035,0.000300301,0.000300301,0.000300301
30,23.8152,1.15669,2.10219,1.11176,0.03537,0.66067,0.35779,0.24725,1.18166,3.17381,1.14035,0.000310627,0.000310627,0.000310627
31,24.5978,1.23114,2.23003,1.15654,0.77891,0.12446,0.35387,0.23633,1.15097,3.01192,1.09809,0.000320926,0.000320926,0.000320926
32,25.3454,1.05059,1.95401,1.10156,0.77891,0.12446,0.35387,0.23633,1.15097,3.01192,1.09809,0.000331198,0.000331198,0.000331198
33,26.094,1.11089,1.94495,1.16835,0.80323,0.13204,0.43204,0.28872,1.10851,2.8922,1.06435,0.000341441,0.000341441,0.000341441
34,26.8642,1.06831,1.86648,1.13168,0.80323,0.13204,0.43204,0.28872,1.10851,2.8922,1.06435,0.000351658,0.000351658,0.000351658
35,27.6477,1.24494,1.93319,1.24585,0.82844,0.14071,0.46602,0.3289,1.10841,2.85026,1.06518,0.000361847,0.000361847,0.000361847
36,28.4035,1.13911,1.99019,1.10992,0.82844,0.14071,0.46602,0.3289,1.10841,2.85026,1.06518,0.000372008,0.000372008,0.000372008
37,29.1662,1.07216,1.7577,1.08712,0.86156,0.19513,0.4989,0.3555,1.10027,2.82801,1.06932,0.000382142,0.000382142,0.000382142
38,29.9185,1.09757,1.79035,1.09419,0.86156,0.19513,0.4989,0.3555,1.10027,2.82801,1.06932,0.000392248,0.000392248,0.000392248
39,30.7032,1.12918,1.81867,1.14753,0.92677,0.21189,0.59806,0.42586,1.04158,2.76155,1.04787,0.000402327,0.000402327,0.000402327
40,31.4633,1.01536,1.64051,1.08438,0.92677,0.21189,0.59806,0.42586,1.04158,2.76155,1.04787,0.000412378,0.000412378,0.000412378
41,32.2373,1.17972,1.78386,1.10514,0.98058,0.15951,0.64845,0.47432,0.99703,2.70735,1.0257,0.000422402,0.000422402,0.000422402
42,33.0048,0.96472,1.62397,1.0835,0.98058,0.15951,0.64845,0.47432,0.99703,2.70735,1.0257,0.000432399,0.000432399,0.000432399
43,33.7831,1.04984,1.75135,1.00623,0.83517,0.33007,0.6592,0.46546,1.0002,2.68019,1.02716,0.000442367,0.000442367,0.000442367
44,34.5227,1.2695,1.72344,1.26831,0.83517,0.33007,0.6592,0.46546,1.0002,2.68019,1.02716,0.000452309,0.000452309,0.000452309
45,35.2879,1.08931,1.6528,1.0703,0.93455,0.21069,0.67752,0.46745,1.02141,2.65606,1.03511,0.000462223,0.000462223,0.000462223
46,36.0441,1.08007,1.60205,1.10284,0.93455,0.21069,0.67752,0.46745,1.02141,2.65606,1.03511,0.000472109,0.000472109,0.000472109
47,36.8459,1.03327,1.60187,1.04017,0.94591,0.23367,0.7106,0.48202,1.02754,2.64517,1.0484,0.000481968,0.000481968,0.000481968
48,37.6351,1.14713,1.48945,1.09777,0.94591,0.23367,0.7106,0.48202,1.02754,2.64517,1.0484,0.000491799,0.000491799,0.000491799
49,38.4081,0.88295,1.4045,1.04447,0.91157,0.3191,0.68092,0.48235,1.05394,2.58814,1.07675,0.000501603,0.000501603,0.000501603
50,39.1857,1.03612,1.52715,1.10123,0.91157,0.3191,0.68092,0.48235,1.05394,2.58814,1.07675,0.00051138,0.00051138,0.00051138
51,39.9531,1.12079,1.59633,1.10329,0.84792,0.43011,0.67453,0.48166,1.10185,2.44373,1.09541,0.000521128,0.000521128,0.000521128
52,40.7037,1.05892,1.42222,1.08184,0.84792,0.43011,0.67453,0.48166,1.10185,2.44373,1.09541,0.00053085,0.00053085,0.00053085
53,41.4482,1.0685,1.42536,1.08531,0.84792,0.43011,0.67453,0.48166,1.10185,2.44373,1.09541,0.000540544,0.000540544,0.000540544
54,42.2088,1.00932,1.40097,1.05984,0.83056,0.46215,0.68116,0.49755,1.07723,2.28819,1.08245,0.00055021,0.00055021,0.00055021
55,42.9749,1.07265,1.37153,1.04216,0.83056,0.46215,0.68116,0.49755,1.07723,2.28819,1.08245,0.000559849,0.000559849,0.000559849
56,43.7286,0.98176,1.34276,1.06597,0.83056,0.46215,0.68116,0.49755,1.07723,2.28819,1.08245,0.00056946,0.00056946,0.00056946
57,44.4895,0.9726,1.34456,1.04736,0.84678,0.49094,0.7468,0.53339,1.04474,2.19948,1.05394,0.000579044,0.000579044,0.000579044
58,45.249,1.03382,1.22185,1.09345,0.84678,0.49094,0.7468,0.53339,1.04474,2.19948,1.05394,0.000588601,0.000588601,0.000588601
59,46.0188,1.11859,1.34445,1.10532,0.84678,0.49094,0.7468,0.53339,1.04474,2.19948,1.05394,0.00059813,0.00059813,0.00059813
60,46.802,1.04822,1.24693,0.99491,0.90426,0.52883,0.78255,0.56441,1.01083,2.13338,1.04665,0.000607631,0.000607631,0.000607631
61,47.6168,1.09003,1.3427,1.06735,0.90426,0.52883,0.78255,0.56441,1.01083,2.13338,1.04665,0.000617105,0.000617105,0.000617105
62,48.3701,0.9626,1.17697,1.05816,0.90426,0.52883,0.78255,0.56441,1.01083,2.13338,1.04665,0.000626551,0.000626551,0.000626551
63,49.1779,1.10015,1.35198,1.03747,0.8444,0.56801,0.76067,0.5576,1.03875,2.08093,1.06218,0.00063597,0.00063597,0.00063597
64,49.9246,1.00172,1.19086,1.05724,0.8444,0.56801,0.76067,0.5576,1.03875,2.08093,1.06218,0.000645362,0.000645362,0.000645362
65,50.665,1.02529,1.34947,1.02482,0.8444,0.56801,0.76067,0.5576,1.03875,2.08093,1.06218,0.000654726,0.000654726,0.000654726
66,51.5418,1.01378,1.30737,1.04732,0.77143,0.63306,0.76695,0.56472,1.02908,1.88273,1.06004,0.000664062,0.000664062,0.000664062
67,52.316,0.95021,1.30199,1.03772,0.77143,0.63306,0.76695,0.56472,1.02908,1.88273,1.06004,0.000673371,0.000673371,0.000673371
68,53.0941,0.95019,1.16798,1.05962,0.77143,0.63306,0.76695,0.56472,1.02908,1.88273,1.06004,0.000682652,0.000682652,0.000682652
69,53.8593,1.00198,1.18365,1.03673,0.78552,0.61331,0.79101,0.57564,0.9901,1.70934,1.05389,0.000691906,0.000691906,0.000691906
70,54.6078,0.88136,1.10134,0.96306,0.78552,0.61331,0.79101,0.57564,0.9901,1.70934,1.05389,0.000701133,0.000701133,0.000701133
71,55.3795,0.99514,1.18612,1.10178,0.78552,0.61331,0.79101,0.57564,0.9901,1.70934,1.05389,0.000710332,0.000710332,0.000710332
72,56.1695,0.7496,1.12111,1.00774,0.77995,0.6658,0.816,0.60029,0.98868,1.62169,1.05776,0.000719503,0.000719503,0.000719503
73,57.105,0.99587,1.12193,1.02166,0.77995,0.6658,0.816,0.60029,0.98868,1.62169,1.05776,0.000728647,0.000728647,0.000728647
74,57.9071,0.95777,1.11328,1.02436,0.77995,0.6658,0.816,0.60029,0.98868,1.62169,1.05776,0.000737764,0.000737764,0.000737764
75,58.6997,0.86453,1.12591,1.03006,0.77314,0.73009,0.84852,0.60619,0.94111,1.52917,1.03196,0.000746853,0.000746853,0.000746853
76,59.4503,0.9408,1.07325,1.04455,0.77314,0.73009,0.84852,0.60619,0.94111,1.52917,1.03196,0.000755914,0.000755914,0.000755914
77,60.2061,0.87496,1.03612,0.99832,0.77314,0.73009,0.84852,0.60619,0.94111,1.52917,1.03196,0.000764948,0.000764948,0.000764948
78,60.9934,0.96416,1.0726,1.01149,0.79813,0.77407,0.87984,0.65456,0.89445,1.40453,0.99704,0.000773954,0.000773954,0.000773954
79,61.7617,0.75647,1.05576,1.00349,0.79813,0.77407,0.87984,0.65456,0.89445,1.40453,0.99704,0.000782933,0.000782933,0.000782933
80,62.5208,0.8197,1.05375,0.98223,0.79813,0.77407,0.87984,0.65456,0.89445,1.40453,0.99704,0.000791885,0.000791885,0.000791885
81,63.29,0.82443,1.08695,1.04054,0.80392,0.80481,0.87519,0.67752,0.89886,1.38303,0.99624,0.000800809,0.000800809,0.000800809
82,64.062,0.86725,0.9663,1.00143,0.80392,0.80481,0.87519,0.67752,0.89886,1.38303,0.99624,0.000809705,0.000809705,0.000809705
83,64.8633,1.0309,1.09998,0.99805,0.80392,0.80481,0.87519,0.67752,0.89886,1.38303,0.99624,0.000818574,0.000818574,0.000818574
84,65.6562,0.92547,1.08749,1.05549,0.79232,0.79099,0.8593,0.67177,0.88568,1.38744,0.99098,0.000827416,0.000827416,0.000827416
85,66.4252,0.92731,1.07845,1.0231,0.79232,0.79099,0.8593,0.67177,0.88568,1.38744,0.99098,0.00083623,0.00083623,0.00083623
86,67.1919,0.85948,0.98763,0.99402,0.79232,0.79099,0.8593,0.67177,0.88568,1.38744,0.99098,0.000845016,0.000845016,0.000845016
87,67.9482,0.85132,0.99585,1.00209,0.79232,0.79099,0.8593,0.67177,0.88568,1.38744,0.99098,0.000853775,0.000853775,0.000853775
88,68.735,1.05226,1.10222,0.9975,0.74985,0.76749,0.86321,0.66809,0.8946,1.4148,0.98867,0.000862507,0.000862507,0.000862507
89,69.4802,0.92129,0.98978,0.99009,0.74985,0.76749,0.86321,0.66809,0.8946,1.4148,0.98867,0.000871211,0.000871211,0.000871211
90,70.236,0.91729,1.08332,0.99274,0.74985,0.76749,0.86321,0.66809,0.8946,1.4148,0.98867,0.000879887,0.000879887,0.000879887
91,70.9647,0.69783,0.96044,0.98398,0.74985,0.76749,0.86321,0.66809,0.8946,1.4148,0.98867,0.000888536,0.000888536,0.000888536
92,71.7253,0.92813,0.99873,1.05685,0.74039,0.78765,0.85771,0.66317,0.85954,1.44097,0.96803,0.000897158,0.000897158,0.000897158
93,72.4855,0.78796,0.98783,0.95582,0.74039,0.78765,0.85771,0.66317,0.85954,1.44097,0.96803,0.000905752,0.000905752,0.000905752
94,73.22,0.93682,1.03744,1.00419,0.74039,0.78765,0.85771,0.66317,0.85954,1.44097,0.96803,0.000914318,0.000914318,0.000914318
95,73.9578,0.87178,0.97499,0.9868,0.74039,0.78765,0.85771,0.66317,0.85954,1.44097,0.96803,0.000922857,0.000922857,0.000922857
96,74.7129,0.74748,0.9302,1.00912,0.78089,0.77144,0.87165,0.67715,0.85966,1.34698,0.97957,0.000931369,0.000931369,0.000931369
97,75.4519,0.97632,1.00555,1.01987,0.78089,0.77144,0.87165,0.67715,0.85966,1.34698,0.97957,0.000939853,0.000939853,0.000939853
98,76.2064,0.86961,1.03602,1.02037,0.78089,0.77144,0.87165,0.67715,0.85966,1.34698,0.97957,0.000948309,0.000948309,0.000948309
99,76.9554,0.80576,0.93896,0.9786,0.78089,0.77144,0.87165,0.67715,0.85966,1.34698,0.97957,0.000956738,0.000956738,0.000956738
100,77.7191,0.93364,1.01636,1.00064,0.76412,0.82407,0.89527,0.69899,0.80664,1.19658,0.96797,0.00096514,0.00096514,0.00096514
101,78.4762,0.81425,0.98512,0.99527,0.76412,0.82407,0.89527,0.69899,0.80664,1.19658,0.96797,0.000973514,0.000973514,0.000973514
102,79.2447,0.72525,0.98146,0.99016,0.76412,0.82407,0.89527,0.69899,0.80664,1.19658,0.96797,0.000972139,0.000972139,0.000972139
103,80.0096,0.87863,0.92566,0.9845,0.76412,0.82407,0.89527,0.69899,0.80664,1.19658,0.96797,0.000970764,0.000970764,0.000970764
104,80.7953,0.79555,0.92752,1.00554,0.79045,0.84265,0.9105,0.71233,0.80889,1.14343,0.96882,0.000969389,0.000969389,0.000969389
105,81.5591,0.76026,0.97411,0.9823,0.79045,0.84265,0.9105,0.71233,0.80889,1.14343,0.96882,0.000968014,0.000968014,0.000968014
106,82.3329,0.85216,0.92485,1.01004,0.79045,0.84265,0.9105,0.71233,0.80889,1.14343,0.96882,0.000966639,0.000966639,0.000966639
107,83.1113,0.84305,1.01505,0.95995,0.79045,0.84265,0.9105,0.71233,0.80889,1.14343,0.96882,0.000965265,0.000965265,0.000965265
108,83.9018,0.91536,1.01705,1.0403,0.79865,0.83471,0.92306,0.71907,0.79828,1.11791,0.95833,0.00096389,0.00096389,0.00096389
109,84.6712,0.78896,0.88026,0.97092,0.79865,0.83471,0.92306,0.71907,0.79828,1.11791,0.95833,0.000962515,0.000962515,0.000962515
110,85.4367,0.89112,1.04187,1.02965,0.79865,0.83471,0.92306,0.71907,0.79828,1.11791,0.95833,0.00096114,0.00096114,0.00096114
111,86.1899,0.95365,0.97026,0.99565,0.79865,0.83471,0.92306,0.71907,0.79828,1.11791,0.95833,0.000959765,0.000959765,0.000959765
112,86.9674,0.82038,0.9117,1.02886,0.812,0.86821,0.92811,0.72555,0.7813,1.08472,0.94819,0.00095839,0.00095839,0.00095839
113,87.7343,0.70939,0.90643,1.00234,0.812,0.86821,0.92811,0.72555,0.7813,1.08472,0.94819,0.000957015,0.000957015,0.000957015
114,88.494,0.72361,0.90988,0.99239,0.812,0.86821,0.92811,0.72555,0.7813,1.08472,0.94819,0.000955641,0.000955641,0.000955641
115,89.255,0.8155,0.91167,1.02935,0.812,0.86821,0.92811,0.72555,0.7813,1.08472,0.94819,0.000954266,0.000954266,0.000954266
116,90.0293,0.84145,0.92517,1.01025,0.85859,0.83083,0.91712,0.71056,0.82482,1.09908,0.95987,0.000952891,0.000952891,0.000952891
117,90.7763,0.87635,0.95191,0.98705,0.85859,0.83083,0.91712,0.71056,0.82482,1.09908,0.95987,0.000951516,0.000951516,0.000951516
118,91.5335,0.84675,0.90835,0.99898,0.85859,0.83083,0.91712,0.71056,0.82482,1.09908,0.95987,0.000950141,0.000950141,0.000950141
119,92.2886,0.82638,0.92968,0.97981,0.85859,0.83083,0.91712,0.71056,0.82482,1.09908,0.95987,0.000948766,0.000948766,0.000948766
120,93.0438,0.75917,0.86509,0.97628,0.82122,0.85084,0.91337,0.71842,0.82026,1.01775,0.96561,0.000947391,0.000947391,0.000947391
121,93.7807,0.82502,0.87765,0.97518,0.82122,0.85084,0.91337,0.71842,0.82026,1.01775,0.96561,0.000946016,0.000946016,0.000946016
122,94.5349,0.78125,0.78596,0.93739,0.82122,0.85084,0.91337,0.71842,0.82026,1.01775,0.96561,0.000944642,0.000944642,0.000944642
123,95.2831,0.82821,0.93731,1.03069,0.82122,0.85084,0.91337,0.71842,0.82026,1.01775,0.96561,0.000943267,0.000943267,0.000943267
124,96.0736,0.85478,0.93606,0.9852,0.82508,0.87147,0.92715,0.73194,0.79827,0.92751,0.96828,0.000941892,0.000941892,0.000941892
125,96.8268,0.738,0.83174,1.02544,0.82508,0.87147,0.92715,0.73194,0.79827,0.92751,0.96828,0.000940517,0.000940517,0.000940517
126,97.5941,0.79071,0.86699,1.00167,0.82508,0.87147,0.92715,0.73194,0.79827,0.92751,0.96828,0.000939142,0.000939142,0.000939142
127,98.3761,0.76674,0.86197,0.94447,0.82508,0.87147,0.92715,0.73194,0.79827,0.92751,0.96828,0.000937767,0.000937767,0.000937767
128,99.1574,0.85502,0.89997,1.03072,0.82618,0.91719,0.93908,0.74296,0.75116,0.88565,0.94532,0.000936392,0.000936392,0.000936392
129,99.9139,0.72931,0.84126,0.93661,0.82618,0.91719,0.93908,0.74296,0.75116,0.88565,0.94532,0.000935018,0.000935018,0.000935018
130,100.72,0.86697,0.88663,0.96119,0.82618,0.91719,0.93908,0.74296,0.75116,0.88565,0.94532,0.000933643,0.000933643,0.000933643
131,101.488,0.77305,0.928,0.9663,0.82618,0.91719,0.93908,0.74296,0.75116,0.88565,0.94532,0.000932268,0.000932268,0.000932268
132,102.282,0.73162,0.86701,0.97915,0.85778,0.88465,0.9403,0.74964,0.74348,0.85795,0.93988,0.000930893,0.000930893,0.000930893
133,103.053,0.70532,0.82104,0.96739,0.85778,0.88465,0.9403,0.74964,0.74348,0.85795,0.93988,0.000929518,0.000929518,0.000929518
134,103.833,0.73158,0.81652,0.96247,0.85778,0.88465,0.9403,0.74964,0.74348,0.85795,0.93988,0.000928143,0.000928143,0.000928143
135,104.628,0.78092,0.84693,0.94803,0.85778,0.88465,0.9403,0.74964,0.74348,0.85795,0.93988,0.000926768,0.000926768,0.000926768
136,105.44,0.80447,0.84159,0.97971,0.87477,0.88184,0.94608,0.75493,0.74471,0.85905,0.94847,0.000925394,0.000925394,0.000925394
137,106.209,0.75632,0.85952,0.97362,0.87477,0.88184,0.94608,0.75493,0.74471,0.85905,0.94847,0.000924019,0.000924019,0.000924019
138,107.016,0.91836,0.89291,1.01591,0.87477,0.88184,0.94608,0.75493,0.74471,0.85905,0.94847,0.000922644,0.000922644,0.000922644
139,107.79,0.74809,0.8201,0.97567,0.87477,0.88184,0.94608,0.75493,0.74471,0.85905,0.94847,0.000921269,0.000921269,0.000921269
140,108.616,0.78603,0.8484,1.00688,0.88601,0.84126,0.94316,0.75885,0.73898,0.85276,0.94212,0.000919894,0.000919894,0.000919894
141,109.371,0.73675,0.76698,0.99806,0.88601,0.84126,0.94316,0.75885,0.73898,0.85276,0.94212,0.000918519,0.000918519,0.000918519
142,110.16,0.80314,0.85079,0.96167,0.88601,0.84126,0.94316,0.75885,0.73898,0.85276,0.94212,0.000917144,0.000917144,0.000917144
143,110.931,0.77708,0.93263,1.11666,0.88601,0.84126,0.94316,0.75885,0.73898,0.85276,0.94212,0.00091577,0.00091577,0.00091577
144,111.724,0.70803,0.7646,0.94519,0.8744,0.84812,0.94774,0.77967,0.6871,0.85043,0.91911,0.000914395,0.000914395,0.000914395
145,112.506,0.73891,0.83548,0.9469,0.8744,0.84812,0.94774,0.77967,0.6871,0.85043,0.91911,0.00091302,0.00091302,0.00091302
146,113.293,0.6879,0.7783,0.95822,0.8744,0.84812,0.94774,0.77967,0.6871,0.85043,0.91911,0.000911645,0.000911645,0.000911645
147,114.06,0.70307,0.81315,0.97824,0.8744,0.84812,0.94774,0.77967,0.6871,0.85043,0.91911,0.00091027,0.00091027,0.00091027
148,115.069,0.82684,0.84365,0.90705,0.87524,0.87822,0.95141,0.78334,0.72992,0.8492,0.9495,0.000908895,0.000908895,0.000908895
149,115.892,0.76507,0.90587,0.97155,0.87524,0.87822,0.95141,0.78334,0.72992,0.8492,0.9495,0.00090752,0.00090752,0.00090752
150,116.672,0.74451,0.81483,0.95049,0.87524,0.87822,0.95141,0.78334,0.72992,0.8492,0.9495,0.000906145,0.000906145,0.000906145
151,117.474,0.78939,0.82664,0.95814,0.87524,0.87822,0.95141,0.78334,0.72992,0.8492,0.9495,0.000904771,0.000904771,0.000904771
152,118.284,0.7803,0.82261,0.9307,0.899,0.86555,0.95707,0.77579,0.78543,0.83559,0.97047,0.000903396,0.000903396,0.000903396
153,119.04,0.83621,0.83564,1.0213,0.899,0.86555,0.95707,0.77579,0.78543,0.83559,0.97047,0.000902021,0.000902021,0.000902021
154,119.787,0.68304,0.85866,0.96291,0.899,0.86555,0.95707,0.77579,0.78543,0.83559,0.97047,0.000900646,0.000900646,0.000900646
155,120.562,0.70904,0.80492,1.0207,0.899,0.86555,0.95707,0.77579,0.78543,0.83559,0.97047,0.000899271,0.000899271,0.000899271
156,121.361,0.89281,0.85011,1.01011,0.8661,0.9136,0.95649,0.78264,0.72582,0.82955,0.92476,0.000897896,0.000897896,0.000897896
157,122.129,0.76237,0.79974,0.94157,0.8661,0.9136,0.95649,0.78264,0.72582,0.82955,0.92476,0.000896521,0.000896521,0.000896521
158,122.918,0.78761,0.85034,0.96075,0.8661,0.9136,0.95649,0.78264,0.72582,0.82955,0.92476,0.000895147,0.000895147,0.000895147
159,123.691,0.79645,0.84467,0.98696,0.8661,0.9136,0.95649,0.78264,0.72582,0.82955,0.92476,0.000893772,0.000893772,0.000893772
160,124.502,0.7327,0.81599,0.95768,0.88956,0.85771,0.95408,0.79072,0.69362,0.83147,0.91534,0.000892397,0.000892397,0.000892397
161,125.31,0.74471,0.81328,0.97737,0.88956,0.85771,0.95408,0.79072,0.69362,0.83147,0.91534,0.000891022,0.000891022,0.000891022
162,126.09,0.89773,0.87596,0.99033,0.88956,0.85771,0.95408,0.79072,0.69362,0.83147,0.91534,0.000889647,0.000889647,0.000889647
163,126.868,0.75165,0.76203,0.9483,0.88956,0.85771,0.95408,0.79072,0.69362,0.83147,0.91534,0.000888272,0.000888272,0.000888272
164,127.648,0.68678,0.80623,0.95873,0.87601,0.84391,0.95027,0.79125,0.67424,0.84843,0.9079,0.000886897,0.000886897,0.000886897
165,128.616,0.77568,0.85602,0.95169,0.87601,0.84391,0.95027,0.79125,0.67424,0.84843,0.9079,0.000885523,0.000885523,0.000885523
166,129.411,0.77109,0.83061,0.98612,0.87601,0.84391,0.95027,0.79125,0.67424,0.84843,0.9079,0.000884148,0.000884148,0.000884148
167,130.216,0.76987,0.77913,0.9385,0.87601,0.84391,0.95027,0.79125,0.67424,0.84843,0.9079,0.000882773,0.000882773,0.000882773
168,131.016,0.79862,0.84229,1.00023,0.89656,0.84211,0.95581,0.79495,0.69042,0.80083,0.92226,0.000881398,0.000881398,0.000881398
169,131.811,0.76802,0.81773,0.95645,0.89656,0.84211,0.95581,0.79495,0.69042,0.80083,0.92226,0.000880023,0.000880023,0.000880023
170,132.592,0.72622,0.76189,0.95486,0.89656,0.84211,0.95581,0.79495,0.69042,0.80083,0.92226,0.000878648,0.000878648,0.000878648
171,133.368,0.70551,0.79401,0.9609,0.89656,0.84211,0.95581,0.79495,0.69042,0.80083,0.92226,0.000877273,0.000877273,0.000877273
172,134.179,0.81275,0.80909,0.97162,0.86964,0.91083,0.96021,0.79445,0.69029,0.75356,0.92028,0.000875899,0.000875899,0.000875899
173,134.938,0.65185,0.81178,0.95504,0.86964,0.91083,0.96021,0.79445,0.69029,0.75356,0.92028,0.000874524,0.000874524,0.000874524
174,135.709,0.7664,0.77097,0.93985,0.86964,0.91083,0.96021,0.79445,0.69029,0.75356,0.92028,0.000873149,0.000873149,0.000873149
175,136.469,0.68889,0.82796,0.98975,0.86964,0.91083,0.96021,0.79445,0.69029,0.75356,0.92028,0.000871774,0.000871774,0.000871774
176,137.237,0.84598,0.81806,0.99121,0.87743,0.88595,0.96437,0.8052,0.65865,0.74124,0.90538,0.000870399,0.000870399,0.000870399
177,138.031,0.66397,0.72248,0.9387,0.87743,0.88595,0.96437,0.8052,0.65865,0.74124,0.90538,0.000869024,0.000869024,0.000869024
178,138.809,0.62133,0.75123,0.95451,0.87743,0.88595,0.96437,0.8052,0.65865,0.74124,0.90538,0.000867649,0.000867649,0.000867649
179,139.579,0.787,0.79464,0.96723,0.87743,0.88595,0.96437,0.8052,0.65865,0.74124,0.90538,0.000866274,0.000866274,0.000866274
180,140.372,0.67673,0.76954,0.96594,0.8875,0.89212,0.96529,0.80942,0.65042,0.73786,0.90163,0.0008649,0.0008649,0.0008649
181,141.145,0.75428,0.79413,0.95091,0.8875,0.89212,0.96529,0.80942,0.65042,0.73786,0.90163,0.000863525,0.000863525,0.000863525
182,141.923,0.7147,0.77906,0.97539,0.8875,0.89212,0.96529,0.80942,0.65042,0.73786,0.90163,0.00086215,0.00086215,0.00086215
183,142.698,0.66863,0.72919,0.92756,0.8875,0.89212,0.96529,0.80942,0.65042,0.73786,0.90163,0.000860775,0.000860775,0.000860775
184,143.524,0.69412,0.73334,0.93358,0.88642,0.9158,0.96264,0.807,0.65069,0.72604,0.89914,0.0008594,0.0008594,0.0008594
185,144.297,0.64398,0.74127,0.92663,0.88642,0.9158,0.96264,0.807,0.65069,0.72604,0.89914,0.000858025,0.000858025,0.000858025
186,145.074,0.82879,0.91916,0.96433,0.88642,0.9158,0.96264,0.807,0.65069,0.72604,0.89914,0.00085665,0.00085665,0.00085665
187,145.837,0.60481,0.78206,0.9519,0.88642,0.9158,0.96264,0.807,0.65069,0.72604,0.89914,0.000855276,0.000855276,0.000855276
188,146.618,0.68863,0.73783,0.91966,0.88481,0.92357,0.95996,0.80436,0.66973,0.70179,0.90736,0.000853901,0.000853901,0.000853901
189,147.379,0.65284,0.79321,0.96149,0.88481,0.92357,0.95996,0.80436,0.66973,0.70179,0.90736,0.000852526,0.000852526,0.000852526
190,148.147,0.78807,0.80134,0.96685,0.88481,0.92357,0.95996,0.80436,0.66973,0.70179,0.90736,0.000851151,0.000851151,0.000851151
191,148.906,0.66115,0.75833,0.95277,0.88481,0.92357,0.95996,0.80436,0.66973,0.70179,0.90736,0.000849776,0.000849776,0.000849776
192,149.672,0.74853,0.79659,0.96233,0.90326,0.948,0.97007,0.80336,0.6557,0.69867,0.90005,0.000848401,0.000848401,0.000848401
193,150.446,0.63145,0.75867,0.95668,0.90326,0.948,0.97007,0.80336,0.6557,0.69867,0.90005,0.000847026,0.000847026,0.000847026
194,151.194,0.68104,0.7998,0.93517,0.90326,0.948,0.97007,0.80336,0.6557,0.69867,0.90005,0.000845652,0.000845652,0.000845652
195,151.975,0.75229,0.76395,0.93732,0.90326,0.948,0.97007,0.80336,0.6557,0.69867,0.90005,0.000844277,0.000844277,0.000844277
196,152.753,0.80086,0.78191,0.93401,0.8945,0.89845,0.96391,0.8222,0.61512,0.68985,0.8919,0.000842902,0.000842902,0.000842902
197,153.528,0.73237,0.74569,0.94104,0.8945,0.89845,0.96391,0.8222,0.61512,0.68985,0.8919,0.000841527,0.000841527,0.000841527
198,154.306,0.59931,0.69501,0.91541,0.8945,0.89845,0.96391,0.8222,0.61512,0.68985,0.8919,0.000840152,0.000840152,0.000840152
199,155.111,0.7136,0.72234,0.9328,0.8945,0.89845,0.96391,0.8222,0.61512,0.68985,0.8919,0.000838777,0.000838777,0.000838777
200,155.896,0.60794,0.7189,0.9285,0.87522,0.91603,0.95591,0.82642,0.60397,0.67804,0.89859,0.000837402,0.000837402,0.000837402
201,156.667,0.70759,0.79144,0.9692,0.87522,0.91603,0.95591,0.82642,0.60397,0.67804,0.89859,0.000836027,0.000836027,0.000836027
202,157.465,0.73481,0.72925,1.01742,0.87522,0.91603,0.95591,0.82642,0.60397,0.67804,0.89859,0.000834653,0.000834653,0.000834653
203,158.231,0.73547,0.7536,0.95902,0.87522,0.91603,0.95591,0.82642,0.60397,0.67804,0.89859,0.000833278,0.000833278,0.000833278
204,159.012,0.8406,0.83266,1.01307,0.90134,0.90174,0.95263,0.81599,0.60006,0.67682,0.89471,0.000831903,0.000831903,0.000831903
205,159.765,0.68486,0.70261,0.93373,0.90134,0.90174,0.95263,0.81599,0.60006,0.67682,0.89471,0.000830528,0.000830528,0.000830528
206,160.557,0.78444,0.78406,1.02059,0.90134,0.90174,0.95263,0.81599,0.60006,0.67682,0.89471,0.000829153,0.000829153,0.000829153
207,161.331,0.7275,0.71758,0.9613,0.90134,0.90174,0.95263,0.81599,0.60006,0.67682,0.89471,0.000827778,0.000827778,0.000827778
208,162.102,0.66177,0.78795,1.0133,0.90297,0.91113,0.95876,0.80827,0.64542,0.68992,0.89811,0.000826403,0.000826403,0.000826403
209,162.877,0.74062,0.80592,0.96097,0.90297,0.91113,0.95876,0.80827,0.64542,0.68992,0.89811,0.000825029,0.000825029,0.000825029
210,163.64,0.67762,0.70092,0.96358,0.90297,0.91113,0.95876,0.80827,0.64542,0.68992,0.89811,0.000823654,0.000823654,0.000823654
211,164.39,0.64112,0.6669,0.90563,0.90297,0.91113,0.95876,0.80827,0.64542,0.68992,0.89811,0.000822279,0.000822279,0.000822279
212,165.207,0.77587,0.72992,0.95106,0.89252,0.89505,0.96,0.81234,0.63587,0.72043,0.89499,0.000820904,0.000820904,0.000820904
213,165.977,0.66111,0.82318,0.94317,0.89252,0.89505,0.96,0.81234,0.63587,0.72043,0.89499,0.000819529,0.000819529,0.000819529
214,166.738,0.71571,0.7879,0.96512,0.89252,0.89505,0.96,0.81234,0.63587,0.72043,0.89499,0.000818154,0.000818154,0.000818154
215,167.481,0.65651,0.77937,0.93131,0.89252,0.89505,0.96,0.81234,0.63587,0.72043,0.89499,0.000816779,0.000816779,0.000816779
216,168.273,0.75395,0.79617,0.94023,0.88589,0.92023,0.95978,0.81965,0.62827,0.736,0.89356,0.000815405,0.000815405,0.000815405
217,169.025,0.63705,0.71315,0.95377,0.88589,0.92023,0.95978,0.81965,0.62827,0.736,0.89356,0.00081403,0.00081403,0.00081403
218,169.79,0.7519,0.76335,0.95719,0.88589,0.92023,0.95978,0.81965,0.62827,0.736,0.89356,0.000812655,0.000812655,0.000812655
219,170.545,0.67341,0.7666,0.93974,0.88589,0.92023,0.95978,0.81965,0.62827,0.736,0.89356,0.00081128,0.00081128,0.00081128
220,171.316,0.61521,0.73942,0.94985,0.87868,0.92766,0.96197,0.80909,0.63494,0.7271,0.89379,0.000809905,0.000809905,0.000809905
221,172.058,0.67774,0.70971,0.9665,0.87868,0.92766,0.96197,0.80909,0.63494,0.7271,0.89379,0.00080853,0.00080853,0.00080853
222,172.812,0.72564,0.80458,0.99519,0.87868,0.92766,0.96197,0.80909,0.63494,0.7271,0.89379,0.000807155,0.000807155,0.000807155
223,173.581,0.61834,0.66661,0.89827,0.87868,0.92766,0.96197,0.80909,0.63494,0.7271,0.89379,0.000805781,0.000805781,0.000805781
224,174.398,0.78044,0.8492,0.90261,0.89237,0.92389,0.96642,0.81488,0.60359,0.70519,0.88458,0.000804406,0.000804406,0.000804406
225,175.151,0.7165,0.69257,0.95815,0.89237,0.92389,0.96642,0.81488,0.60359,0.70519,0.88458,0.000803031,0.000803031,0.000803031
226,175.916,0.74744,0.74955,0.92575,0.89237,0.92389,0.96642,0.81488,0.60359,0.70519,0.88458,0.000801656,0.000801656,0.000801656
227,176.672,0.68715,0.69385,0.90755,0.89237,0.92389,0.96642,0.81488,0.60359,0.70519,0.88458,0.000800281,0.000800281,0.000800281
228,177.435,0.62234,0.75983,0.92723,0.87733,0.90998,0.96082,0.82024,0.60421,0.68427,0.88511,0.000798906,0.000798906,0.000798906
229,178.196,0.65192,0.6868,0.91727,0.87733,0.90998,0.96082,0.82024,0.60421,0.68427,0.88511,0.000797531,0.000797531,0.000797531
230,178.939,0.63938,0.74721,0.96449,0.87733,0.90998,0.96082,0.82024,0.60421,0.68427,0.88511,0.000796156,0.000796156,0.000796156
231,179.707,0.67137,0.71921,0.92164,0.87733,0.90998,0.96082,0.82024,0.60421,0.68427,0.88511,0.000794782,0.000794782,0.000794782
232,180.504,0.70429,0.73556,0.91302,0.90376,0.89574,0.96341,0.82735,0.60257,0.66791,0.8891,0.000793407,0.000793407,0.000793407
233,181.301,0.74998,0.76766,0.99014,0.90376,0.89574,0.96341,0.82735,0.60257,0.66791,0.8891,0.000792032,0.000792032,0.000792032
234,182.094,0.58695,0.69545,0.93662,0.90376,0.89574,0.96341,0.82735,0.60257,0.66791,0.8891,0.000790657,0.000790657,0.000790657
235,182.891,0.73986,0.75325,0.93735,0.90376,0.89574,0.96341,0.82735,0.60257,0.66791,0.8891,0.000789282,0.000789282,0.000789282
236,183.703,0.72542,0.76591,0.98517,0.92248,0.88512,0.96263,0.8236,0.57939,0.65264,0.89105,0.000787907,0.000787907,0.000787907
237,184.55,0.60243,0.65871,0.90953,0.92248,0.88512,0.96263,0.8236,0.57939,0.65264,0.89105,0.000786532,0.000786532,0.000786532
238,185.387,0.6005,0.66747,0.91299,0.92248,0.88512,0.96263,0.8236,0.57939,0.65264,0.89105,0.000785158,0.000785158,0.000785158
239,186.269,0.68019,0.70318,0.91665,0.92248,0.88512,0.96263,0.8236,0.57939,0.65264,0.89105,0.000783783,0.000783783,0.000783783
240,187.193,0.70284,0.69298,0.93658,0.96334,0.87185,0.96943,0.82687,0.58202,0.64889,0.89139,0.000782408,0.000782408,0.000782408
241,188.095,0.76535,0.73238,0.92431,0.96334,0.87185,0.96943,0.82687,0.58202,0.64889,0.89139,0.000781033,0.000781033,0.000781033
242,188.951,0.64691,0.66818,0.91546,0.96334,0.87185,0.96943,0.82687,0.58202,0.64889,0.89139,0.000779658,0.000779658,0.000779658
243,189.809,0.61024,0.70277,0.9112,0.96334,0.87185,0.96943,0.82687,0.58202,0.64889,0.89139,0.000778283,0.000778283,0.000778283
244,190.678,0.67497,0.72396,0.92959,0.90024,0.91924,0.97084,0.82772,0.56881,0.66197,0.88665,0.000776908,0.000776908,0.000776908
245,191.504,0.58313,0.68683,0.88985,0.90024,0.91924,0.97084,0.82772,0.56881,0.66197,0.88665,0.000775534,0.000775534,0.000775534
246,192.341,0.65269,0.69248,0.94061,0.90024,0.91924,0.97084,0.82772,0.56881,0.66197,0.88665,0.000774159,0.000774159,0.000774159
247,193.21,0.66851,0.70726,0.90729,0.90024,0.91924,0.97084,0.82772,0.56881,0.66197,0.88665,0.000772784,0.000772784,0.000772784
248,194.109,0.61235,0.7682,0.92709,0.95924,0.87608,0.96934,0.82636,0.58012,0.66185,0.89041,0.000771409,0.000771409,0.000771409
249,194.985,0.72586,0.72295,0.88917,0.95924,0.87608,0.96934,0.82636,0.58012,0.66185,0.89041,0.000770034,0.000770034,0.000770034
250,195.832,0.56155,0.66721,0.88592,0.95924,0.87608,0.96934,0.82636,0.58012,0.66185,0.89041,0.000768659,0.000768659,0.000768659
251,196.667,0.5534,0.66422,0.89088,0.95924,0.87608,0.96934,0.82636,0.58012,0.66185,0.89041,0.000767284,0.000767284,0.000767284
252,197.537,0.70068,0.76631,0.9485,0.90322,0.91531,0.97561,0.83311,0.56538,0.64108,0.88714,0.00076591,0.00076591,0.00076591
253,198.416,0.56749,0.63227,0.90539,0.90322,0.91531,0.97561,0.83311,0.56538,0.64108,0.88714,0.000764535,0.000764535,0.000764535
254,199.187,0.63935,0.7164,0.92298,0.90322,0.91531,0.97561,0.83311,0.56538,0.64108,0.88714,0.00076316,0.00076316,0.00076316
255,199.978,0.61088,0.69108,0.89388,0.90322,0.91531,0.97561,0.83311,0.56538,0.64108,0.88714,0.000761785,0.000761785,0.000761785
256,200.751,0.55942,0.68283,0.93395,0.90436,0.93424,0.9763,0.82705,0.58629,0.63881,0.88609,0.00076041,0.00076041,0.00076041
257,201.506,0.66886,0.6639,0.89481,0.90436,0.93424,0.9763,0.82705,0.58629,0.63881,0.88609,0.000759035,0.000759035,0.000759035
258,202.25,0.62754,0.68542,0.92274,0.90436,0.93424,0.9763,0.82705,0.58629,0.63881,0.88609,0.00075766,0.00075766,0.00075766
259,202.991,0.55749,0.68473,0.91827,0.90436,0.93424,0.9763,0.82705,0.58629,0.63881,0.88609,0.000756285,0.000756285,0.000756285
260,203.749,0.53395,0.68637,0.92181,0.90095,0.93423,0.97571,0.82964,0.57426,0.63381,0.8813,0.000754911,0.000754911,0.000754911
261,204.502,0.68185,0.73021,0.9384,0.90095,0.93423,0.97571,0.82964,0.57426,0.63381,0.8813,0.000753536,0.000753536,0.000753536
262,205.246,0.64369,0.67462,0.96299,0.90095,0.93423,0.97571,0.82964,0.57426,0.63381,0.8813,0.000752161,0.000752161,0.000752161
263,205.987,0.62101,0.62671,0.89992,0.90095,0.93423,0.97571,0.82964,0.57426,0.63381,0.8813,0.000750786,0.000750786,0.000750786
264,206.732,0.61334,0.67731,0.90979,0.88752,0.9303,0.97681,0.84516,0.55622,0.63111,0.87615,0.000749411,0.000749411,0.000749411
265,207.474,0.55239,0.62071,0.92427,0.88752,0.9303,0.97681,0.84516,0.55622,0.63111,0.87615,0.000748036,0.000748036,0.000748036
266,208.241,0.69043,0.71707,0.93484,0.88752,0.9303,0.97681,0.84516,0.55622,0.63111,0.87615,0.000746661,0.000746661,0.000746661
267,209.02,0.73468,0.69041,0.92702,0.88752,0.9303,0.97681,0.84516,0.55622,0.63111,0.87615,0.000745287,0.000745287,0.000745287
268,209.81,0.57563,0.68839,0.90607,0.90373,0.89742,0.97409,0.84014,0.56496,0.63823,0.87655,0.000743912,0.000743912,0.000743912
269,210.56,0.65099,0.67735,0.94036,0.90373,0.89742,0.97409,0.84014,0.56496,0.63823,0.87655,0.000742537,0.000742537,0.000742537
270,211.319,0.70354,0.72517,0.91805,0.90373,0.89742,0.97409,0.84014,0.56496,0.63823,0.87655,0.000741162,0.000741162,0.000741162
271,212.066,0.64214,0.66507,0.90032,0.90373,0.89742,0.97409,0.84014,0.56496,0.63823,0.87655,0.000739787,0.000739787,0.000739787
272,212.853,0.66941,0.70916,0.9327,0.90942,0.88466,0.97203,0.82865,0.58199,0.64717,0.8821,0.000738412,0.000738412,0.000738412
273,213.593,0.55562,0.64776,0.89096,0.90942,0.88466,0.97203,0.82865,0.58199,0.64717,0.8821,0.000737037,0.000737037,0.000737037
274,214.336,0.5919,0.63982,0.91352,0.90942,0.88466,0.97203,0.82865,0.58199,0.64717,0.8821,0.000735663,0.000735663,0.000735663
275,215.078,0.57397,0.61188,0.91511,0.90942,0.88466,0.97203,0.82865,0.58199,0.64717,0.8821,0.000734288,0.000734288,0.000734288
276,215.843,0.64894,0.66237,0.90034,0.94177,0.87561,0.97345,0.82573,0.57941,0.63805,0.8807,0.000732913,0.000732913,0.000732913
277,216.59,0.74878,0.83217,0.97575,0.94177,0.87561,0.97345,0.82573,0.57941,0.63805,0.8807,0.000731538,0.000731538,0.000731538
278,217.342,0.64534,0.67558,0.91161,0.94177,0.87561,0.97345,0.82573,0.57941,0.63805,0.8807,0.000730163,0.000730163,0.000730163
279,218.088,0.64529,0.67234,0.93905,0.94177,0.87561,0.97345,0.82573,0.57941,0.63805,0.8807,0.000728788,0.000728788,0.000728788
280,218.855,0.64867,0.67311,0.95791,0.94118,0.87143,0.97086,0.8332,0.57635,0.63318,0.87976,0.000727413,0.000727413,0.000727413
281,219.602,0.52399,0.69144,0.90813,0.94118,0.87143,0.97086,0.8332,0.57635,0.63318,0.87976,0.000726038,0.000726038,0.000726038
282,220.368,0.64615,0.70298,0.96876,0.94118,0.87143,0.97086,0.8332,0.57635,0.63318,0.87976,0.000724664,0.000724664,0.000724664
283,221.138,0.59844,0.65309,0.91774,0.94118,0.87143,0.97086,0.8332,0.57635,0.63318,0.87976,0.000723289,0.000723289,0.000723289
284,221.941,0.65625,0.65708,0.90208,0.87248,0.94395,0.96902,0.8449,0.55786,0.64468,0.87794,0.000721914,0.000721914,0.000721914
285,222.72,0.60207,0.62003,0.88523,0.87248,0.94395,0.96902,0.8449,0.55786,0.64468,0.87794,0.000720539,0.000720539,0.000720539
286,223.49,0.578,0.63213,0.88556,0.87248,0.94395,0.96902,0.8449,0.55786,0.64468,0.87794,0.000719164,0.000719164,0.000719164
287,224.241,0.55467,0.63005,0.90777,0.87248,0.94395,0.96902,0.8449,0.55786,0.64468,0.87794,0.000717789,0.000717789,0.000717789
288,225.016,0.79127,0.79395,0.94516,0.90896,0.90881,0.97417,0.84386,0.56164,0.65699,0.8802,0.000716414,0.000716414,0.000716414
289,225.781,0.70826,0.69248,0.92444,0.90896,0.90881,0.97417,0.84386,0.56164,0.65699,0.8802,0.00071504,0.00071504,0.00071504
290,226.557,0.68649,0.73371,0.95647,0.90896,0.90881,0.97417,0.84386,0.56164,0.65699,0.8802,0.000713665,0.000713665,0.000713665
291,227.318,0.70366,0.71142,0.94629,0.90896,0.90881,0.97417,0.84386,0.56164,0.65699,0.8802,0.00071229,0.00071229,0.00071229
292,228.12,0.63169,0.66572,0.90299,0.94136,0.87947,0.97273,0.83317,0.55321,0.65125,0.87637,0.000710915,0.000710915,0.000710915
293,228.911,0.62716,0.65332,0.94524,0.94136,0.87947,0.97273,0.83317,0.55321,0.65125,0.87637,0.00070954,0.00070954,0.00070954
294,229.688,0.62069,0.63291,0.94348,0.94136,0.87947,0.97273,0.83317,0.55321,0.65125,0.87637,0.000708165,0.000708165,0.000708165
295,230.468,0.67881,0.67028,0.90789,0.94136,0.87947,0.97273,0.83317,0.55321,0.65125,0.87637,0.00070679,0.00070679,0.00070679
296,231.272,0.66224,0.66942,0.92373,0.91075,0.9051,0.97067,0.83221,0.56421,0.64619,0.87777,0.000705416,0.000705416,0.000705416
297,232.03,0.55818,0.6623,0.93027,0.91075,0.9051,0.97067,0.83221,0.56421,0.64619,0.87777,0.000704041,0.000704041,0.000704041
298,232.807,0.64741,0.72138,0.89564,0.91075,0.9051,0.97067,0.83221,0.56421,0.64619,0.87777,0.000702666,0.000702666,0.000702666
299,233.585,0.61332,0.67881,0.91461,0.91075,0.9051,0.97067,0.83221,0.56421,0.64619,0.87777,0.000701291,0.000701291,0.000701291
300,234.347,0.52958,0.62191,0.88444,0.96127,0.88288,0.97184,0.82806,0.56207,0.62707,0.87921,0.000699916,0.000699916,0.000699916
301,235.078,0.67995,0.76488,0.99717,0.96127,0.88288,0.97184,0.82806,0.56207,0.62707,0.87921,0.000698541,0.000698541,0.000698541
302,235.851,0.525,0.63449,0.90394,0.96127,0.88288,0.97184,0.82806,0.56207,0.62707,0.87921,0.000697166,0.000697166,0.000697166
303,236.616,0.58187,0.59328,0.8944,0.96127,0.88288,0.97184,0.82806,0.56207,0.62707,0.87921,0.000695792,0.000695792,0.000695792
304,237.409,0.65686,0.63475,0.95377,0.96853,0.87824,0.97773,0.83692,0.55128,0.59882,0.87668,0.000694417,0.000694417,0.000694417
305,238.205,0.67068,0.64828,0.89535,0.96853,0.87824,0.97773,0.83692,0.55128,0.59882,0.87668,0.000693042,0.000693042,0.000693042
306,239.107,0.6737,0.66875,0.90508,0.96853,0.87824,0.97773,0.83692,0.55128,0.59882,0.87668,0.000691667,0.000691667,0.000691667
307,239.863,0.56654,0.61469,0.90621,0.96853,0.87824,0.97773,0.83692,0.55128,0.59882,0.87668,0.000690292,0.000690292,0.000690292
308,240.647,0.61989,0.64184,0.91048,0.8925,0.94231,0.97527,0.84459,0.5411,0.58408,0.87388,0.000688917,0.000688917,0.000688917
309,241.404,0.62006,0.68721,0.91785,0.8925,0.94231,0.97527,0.84459,0.5411,0.58408,0.87388,0.000687542,0.000687542,0.000687542
310,242.207,0.62765,0.63867,0.90932,0.8925,0.94231,0.97527,0.84459,0.5411,0.58408,0.87388,0.000686167,0.000686167,0.000686167
311,242.952,0.64476,0.83509,0.93512,0.8925,0.94231,0.97527,0.84459,0.5411,0.58408,0.87388,0.000684793,0.000684793,0.000684793
312,243.748,0.60247,0.62796,0.88648,0.91464,0.89798,0.97473,0.85168,0.53979,0.58132,0.87389,0.000683418,0.000683418,0.000683418
313,244.559,0.58416,0.64074,0.91043,0.91464,0.89798,0.97473,0.85168,0.53979,0.58132,0.87389,0.000682043,0.000682043,0.000682043
314,245.345,0.65852,0.68755,0.90211,0.91464,0.89798,0.97473,0.85168,0.53979,0.58132,0.87389,0.000680668,0.000680668,0.000680668
315,246.133,0.57086,0.59129,0.88405,0.91464,0.89798,0.97473,0.85168,0.53979,0.58132,0.87389,0.000679293,0.000679293,0.000679293
316,246.93,0.69785,0.70784,0.8959,0.91454,0.89691,0.97299,0.84122,0.54322,0.58977,0.87569,0.000677918,0.000677918,0.000677918
317,247.687,0.63242,0.74207,0.95934,0.91454,0.89691,0.97299,0.84122,0.54322,0.58977,0.87569,0.000676543,0.000676543,0.000676543
318,248.485,0.68437,0.63595,0.9192,0.91454,0.89691,0.97299,0.84122,0.54322,0.58977,0.87569,0.000675169,0.000675169,0.000675169
319,249.27,0.59499,0.60652,0.90698,0.91454,0.89691,0.97299,0.84122,0.54322,0.58977,0.87569,0.000673794,0.000673794,0.000673794
320,250.075,0.66942,0.64067,0.93501,0.89786,0.9273,0.9689,0.84124,0.55057,0.59497,0.87512,0.000672419,0.000672419,0.000672419
321,250.816,0.63286,0.67948,0.92177,0.89786,0.9273,0.9689,0.84124,0.55057,0.59497,0.87512,0.000671044,0.000671044,0.000671044
322,251.595,0.62501,0.65513,0.91139,0.89786,0.9273,0.9689,0.84124,0.55057,0.59497,0.87512,0.000669669,0.000669669,0.000669669
323,252.369,0.56487,0.64006,0.93152,0.89786,0.9273,0.9689,0.84124,0.55057,0.59497,0.87512,0.000668294,0.000668294,0.000668294
324,253.155,0.67932,0.70604,0.89704,0.96436,0.86543,0.97178,0.8435,0.54794,0.60144,0.87233,0.000666919,0.000666919,0.000666919
325,253.903,0.67452,0.67562,0.9457,0.96436,0.86543,0.97178,0.8435,0.54794,0.60144,0.87233,0.000665545,0.000665545,0.000665545
326,254.671,0.62343,0.66196,0.89286,0.96436,0.86543,0.97178,0.8435,0.54794,0.60144,0.87233,0.00066417,0.00066417,0.00066417
327,255.436,0.56765,0.60914,0.90368,0.96436,0.86543,0.97178,0.8435,0.54794,0.60144,0.87233,0.000662795,0.000662795,0.000662795
328,256.221,0.6165,0.65732,0.87762,0.90432,0.93198,0.97549,0.84505,0.54319,0.60718,0.87177,0.00066142,0.00066142,0.00066142
329,257.014,0.70021,0.7074,0.92218,0.90432,0.93198,0.97549,0.84505,0.54319,0.60718,0.87177,0.000660045,0.000660045,0.000660045
330,257.78,0.5974,0.67093,0.90402,0.90432,0.93198,0.97549,0.84505,0.54319,0.60718,0.87177,0.00065867,0.00065867,0.00065867
331,258.532,0.49653,0.61062,0.90755,0.90432,0.93198,0.97549,0.84505,0.54319,0.60718,0.87177,0.000657295,0.000657295,0.000657295
332,259.399,0.58067,0.69601,0.89161,0.91366,0.92744,0.97272,0.84542,0.52662,0.59109,0.86729,0.000655921,0.000655921,0.000655921
333,260.259,0.50455,0.67907,0.87696,0.91366,0.92744,0.97272,0.84542,0.52662,0.59109,0.86729,0.000654546,0.000654546,0.000654546
334,261.134,0.51337,0.59326,0.8981,0.91366,0.92744,0.97272,0.84542,0.52662,0.59109,0.86729,0.000653171,0.000653171,0.000653171
335,261.97,0.59223,0.66223,0.89787,0.91366,0.92744,0.97272,0.84542,0.52662,0.59109,0.86729,0.000651796,0.000651796,0.000651796
336,262.807,0.57694,0.60658,0.91638,0.90156,0.92547,0.97356,0.85306,0.52108,0.58063,0.86589,0.000650421,0.000650421,0.000650421
337,263.665,0.66214,0.63405,0.88986,0.90156,0.92547,0.97356,0.85306,0.52108,0.58063,0.86589,0.000649046,0.000649046,0.000649046
338,264.517,0.56855,0.5938,0.91091,0.90156,0.92547,0.97356,0.85306,0.52108,0.58063,0.86589,0.000647671,0.000647671,0.000647671
339,265.333,0.56456,0.64579,0.93553,0.90156,0.92547,0.97356,0.85306,0.52108,0.58063,0.86589,0.000646296,0.000646296,0.000646296
340,266.23,0.52718,0.64677,0.93031,0.91412,0.92999,0.97063,0.85225,0.51729,0.5751,0.8675,0.000644922,0.000644922,0.000644922
341,267.04,0.5682,0.63008,0.90328,0.91412,0.92999,0.97063,0.85225,0.51729,0.5751,0.8675,0.000643547,0.000643547,0.000643547
342,267.897,0.59509,0.58059,0.92089,0.91412,0.92999,0.97063,0.85225,0.51729,0.5751,0.8675,0.000642172,0.000642172,0.000642172
343,268.773,0.53121,0.60558,0.88632,0.91412,0.92999,0.97063,0.85225,0.51729,0.5751,0.8675,0.000640797,0.000640797,0.000640797
344,269.627,0.46661,0.57844,0.8854,0.91476,0.92583,0.96678,0.85263,0.5169,0.57786,0.86805,0.000639422,0.000639422,0.000639422
345,270.436,0.52192,0.60893,0.88771,0.91476,0.92583,0.96678,0.85263,0.5169,0.57786,0.86805,0.000638047,0.000638047,0.000638047
346,271.237,0.56529,0.62711,0.91427,0.91476,0.92583,0.96678,0.85263,0.5169,0.57786,0.86805,0.000636672,0.000636672,0.000636672
347,272.054,0.56749,0.59965,0.88604,0.91476,0.92583,0.96678,0.85263,0.5169,0.57786,0.86805,0.000635298,0.000635298,0.000635298
348,272.893,0.57217,0.63305,0.89824,0.889,0.94759,0.9667,0.84934,0.5212,0.56936,0.86775,0.000633923,0.000633923,0.000633923
349,273.739,0.60564,0.80517,0.86888,0.889,0.94759,0.9667,0.84934,0.5212,0.56936,0.86775,0.000632548,0.000632548,0.000632548
350,274.562,0.63521,0.65127,0.92298,0.889,0.94759,0.9667,0.84934,0.5212,0.56936,0.86775,0.000631173,0.000631173,0.000631173
351,275.386,0.51886,0.5946,0.89823,0.889,0.94759,0.9667,0.84934,0.5212,0.56936,0.86775,0.000629798,0.000629798,0.000629798
352,276.255,0.65672,0.65923,0.94884,0.90063,0.95383,0.97186,0.85495,0.51568,0.56092,0.86586,0.000628423,0.000628423,0.000628423
353,277.114,0.47406,0.58615,0.87484,0.90063,0.95383,0.97186,0.85495,0.51568,0.56092,0.86586,0.000627048,0.000627048,0.000627048
354,277.976,0.58961,0.61148,0.89227,0.90063,0.95383,0.97186,0.85495,0.51568,0.56092,0.86586,0.000625674,0.000625674,0.000625674
355,278.817,0.51297,0.58651,0.91898,0.90063,0.95383,0.97186,0.85495,0.51568,0.56092,0.86586,0.000624299,0.000624299,0.000624299
356,279.702,0.54288,0.62562,0.89957,0.88715,0.96221,0.97337,0.85605,0.50917,0.56247,0.86135,0.000622924,0.000622924,0.000622924
357,280.547,0.6256,0.62633,0.92347,0.88715,0.96221,0.97337,0.85605,0.50917,0.56247,0.86135,0.000621549,0.000621549,0.000621549
358,281.39,0.52781,0.63287,0.93951,0.88715,0.96221,0.97337,0.85605,0.50917,0.56247,0.86135,0.000620174,0.000620174,0.000620174
359,282.257,0.67836,0.66569,0.87964,0.88715,0.96221,0.97337,0.85605,0.50917,0.56247,0.86135,0.000618799,0.000618799,0.000618799
360,283.098,0.57904,0.65987,0.94148,0.89223,0.94887,0.97125,0.85678,0.50463,0.57339,0.85972,0.000617424,0.000617424,0.000617424
361,283.938,0.5551,0.60532,0.90513,0.89223,0.94887,0.97125,0.85678,0.50463,0.57339,0.85972,0.000616049,0.000616049,0.000616049
362,284.836,0.60723,0.6886,0.9187,0.89223,0.94887,0.97125,0.85678,0.50463,0.57339,0.85972,0.000614675,0.000614675,0.000614675
363,285.698,0.55882,0.62439,0.90309,0.89223,0.94887,0.97125,0.85678,0.50463,0.57339,0.85972,0.0006133,0.0006133,0.0006133
364,286.566,0.56036,0.69637,0.91335,0.89563,0.94117,0.97035,0.85587,0.51263,0.59105,0.86084,0.000611925,0.000611925,0.000611925
365,287.574,0.60684,0.64889,0.87753,0.89563,0.94117,0.97035,0.85587,0.51263,0.59105,0.86084,0.00061055,0.00061055,0.00061055
366,288.367,0.61909,0.66296,0.91781,0.89563,0.94117,0.97035,0.85587,0.51263,0.59105,0.86084,0.000609175,0.000609175,0.000609175
367,289.203,0.5323,0.61716,0.90114,0.89563,0.94117,0.97035,0.85587,0.51263,0.59105,0.86084,0.0006078,0.0006078,0.0006078
368,290.05,0.61964,0.65384,0.91689,0.92031,0.91858,0.97231,0.85764,0.50758,0.58471,0.86184,0.000606425,0.000606425,0.000606425
369,290.971,0.56919,0.65843,0.89527,0.92031,0.91858,0.97231,0.85764,0.50758,0.58471,0.86184,0.000605051,0.000605051,0.000605051
370,291.817,0.52407,0.63892,0.90271,0.92031,0.91858,0.97231,0.85764,0.50758,0.58471,0.86184,0.000603676,0.000603676,0.000603676
371,292.689,0.59526,0.64599,0.89368,0.92031,0.91858,0.97231,0.85764,0.50758,0.58471,0.86184,0.000602301,0.000602301,0.000602301
372,293.608,0.49945,0.61049,0.8802,0.92292,0.92763,0.97859,0.8633,0.51675,0.57794,0.86445,0.000600926,0.000600926,0.000600926
373,294.463,0.54017,0.65919,0.90955,0.92292,0.92763,0.97859,0.8633,0.51675,0.57794,0.86445,0.000599551,0.000599551,0.000599551
374,295.317,0.63492,0.63381,0.91234,0.92292,0.92763,0.97859,0.8633,0.51675,0.57794,0.86445,0.000598176,0.000598176,0.000598176
375,296.175,0.61793,0.69696,0.96452,0.92292,0.92763,0.97859,0.8633,0.51675,0.57794,0.86445,0.000596801,0.000596801,0.000596801
376,297.023,0.64137,0.71287,0.93585,0.89689,0.95511,0.97705,0.86419,0.51999,0.57219,0.86499,0.000595427,0.000595427,0.000595427
377,297.855,0.55156,0.62977,0.89743,0.89689,0.95511,0.97705,0.86419,0.51999,0.57219,0.86499,0.000594052,0.000594052,0.000594052
378,298.707,0.53214,0.62925,0.90996,0.89689,0.95511,0.97705,0.86419,0.51999,0.57219,0.86499,0.000592677,0.000592677,0.000592677
379,299.548,0.46078,0.57794,0.88213,0.89689,0.95511,0.97705,0.86419,0.51999,0.57219,0.86499,0.000591302,0.000591302,0.000591302
380,300.399,0.4973,0.62096,0.90584,0.89886,0.95366,0.97833,0.86226,0.51112,0.55956,0.86284,0.000589927,0.000589927,0.000589927
381,301.24,0.62573,0.64409,0.91656,0.89886,0.95366,0.97833,0.86226,0.51112,0.55956,0.86284,0.000588552,0.000588552,0.000588552
382,302.057,0.61826,0.65741,0.94014,0.89886,0.95366,0.97833,0.86226,0.51112,0.55956,0.86284,0.000587177,0.000587177,0.000587177
383,302.888,0.58047,0.61935,0.89154,0.89886,0.95366,0.97833,0.86226,0.51112,0.55956,0.86284,0.000585803,0.000585803,0.000585803
384,303.729,0.63841,0.5994,0.9166,0.89483,0.93951,0.97488,0.86612,0.50752,0.56058,0.86398,0.000584428,0.000584428,0.000584428
385,304.605,0.66738,0.62386,0.92406,0.89483,0.93951,0.97488,0.86612,0.50752,0.56058,0.86398,0.000583053,0.000583053,0.000583053
386,305.45,0.54611,0.59414,0.89127,0.89483,0.93951,0.97488,0.86612,0.50752,0.56058,0.86398,0.000581678,0.000581678,0.000581678
387,306.317,0.54844,0.60779,0.87807,0.89483,0.93951,0.97488,0.86612,0.50752,0.56058,0.86398,0.000580303,0.000580303,0.000580303
388,307.216,0.57302,0.60719,0.89421,0.90614,0.92334,0.9744,0.87268,0.49306,0.55931,0.86188,0.000578928,0.000578928,0.000578928
389,308.108,0.63482,0.62449,0.89175,0.90614,0.92334,0.9744,0.87268,0.49306,0.55931,0.86188,0.000577553,0.000577553,0.000577553
390,308.954,0.57822,0.62083,0.90749,0.90614,0.92334,0.9744,0.87268,0.49306,0.55931,0.86188,0.000576178,0.000576178,0.000576178
391,309.839,0.50825,0.56701,0.89722,0.90614,0.92334,0.9744,0.87268,0.49306,0.55931,0.86188,0.000574804,0.000574804,0.000574804
392,310.718,0.5474,0.60172,0.88408,0.90617,0.92308,0.97798,0.87199,0.48798,0.5563,0.86,0.000573429,0.000573429,0.000573429
393,311.559,0.51837,0.58889,0.86614,0.90617,0.92308,0.97798,0.87199,0.48798,0.5563,0.86,0.000572054,0.000572054,0.000572054
394,312.416,0.58548,0.62589,0.8968,0.90617,0.92308,0.97798,0.87199,0.48798,0.5563,0.86,0.000570679,0.000570679,0.000570679
395,313.244,0.56347,0.64116,0.91191,0.90617,0.92308,0.97798,0.87199,0.48798,0.5563,0.86,0.000569304,0.000569304,0.000569304
396,314.094,0.52922,0.60263,0.92279,0.90123,0.93526,0.9766,0.86256,0.49353,0.5566,0.85947,0.000567929,0.000567929,0.000567929
397,314.931,0.55262,0.6194,0.87605,0.90123,0.93526,0.9766,0.86256,0.49353,0.5566,0.85947,0.000566554,0.000566554,0.000566554
398,315.686,0.56881,0.64832,0.90038,0.90123,0.93526,0.9766,0.86256,0.49353,0.5566,0.85947,0.00056518,0.00056518,0.00056518
399,316.425,0.46189,0.57603,0.92197,0.90123,0.93526,0.9766,0.86256,0.49353,0.5566,0.85947,0.000563805,0.000563805,0.000563805
400,317.197,0.52699,0.59501,0.89191,0.89728,0.94562,0.97687,0.87051,0.49138,0.55508,0.85881,0.00056243,0.00056243,0.00056243
401,317.964,0.49109,0.57966,0.91891,0.89728,0.94562,0.97687,0.87051,0.49138,0.55508,0.85881,0.000561055,0.000561055,0.000561055
402,318.729,0.51831,0.59838,0.86542,0.89728,0.94562,0.97687,0.87051,0.49138,0.55508,0.85881,0.00055968,0.00055968,0.00055968
403,319.497,0.48271,0.57495,0.88848,0.89728,0.94562,0.97687,0.87051,0.49138,0.55508,0.85881,0.000558305,0.000558305,0.000558305
404,320.276,0.53124,0.56884,0.85961,0.90359,0.94039,0.97364,0.87156,0.47428,0.55583,0.85471,0.00055693,0.00055693,0.00055693
405,321.021,0.5625,0.57937,0.89623,0.90359,0.94039,0.97364,0.87156,0.47428,0.55583,0.85471,0.000555556,0.000555556,0.000555556
406,321.775,0.47812,0.57688,0.87805,0.90359,0.94039,0.97364,0.87156,0.47428,0.55583,0.85471,0.000554181,0.000554181,0.000554181
407,322.55,0.60861,0.64414,0.87481,0.90359,0.94039,0.97364,0.87156,0.47428,0.55583,0.85471,0.000552806,0.000552806,0.000552806
408,323.305,0.49818,0.566,0.88244,0.91047,0.94717,0.97923,0.87281,0.4796,0.55583,0.85378,0.000551431,0.000551431,0.000551431
409,324.059,0.60082,0.6224,0.93216,0.91047,0.94717,0.97923,0.87281,0.4796,0.55583,0.85378,0.000550056,0.000550056,0.000550056
410,324.823,0.56918,0.65589,0.91858,0.91047,0.94717,0.97923,0.87281,0.4796,0.55583,0.85378,0.000548681,0.000548681,0.000548681
411,325.586,0.5042,0.548,0.85403,0.91047,0.94717,0.97923,0.87281,0.4796,0.55583,0.85378,0.000547306,0.000547306,0.000547306
412,326.381,0.54205,0.6427,0.87825,0.90554,0.95616,0.97867,0.86318,0.49637,0.56158,0.85732,0.000545932,0.000545932,0.000545932
413,327.136,0.57327,0.65695,0.9012,0.90554,0.95616,0.97867,0.86318,0.49637,0.56158,0.85732,0.000544557,0.000544557,0.000544557
414,327.899,0.55154,0.61415,0.88621,0.90554,0.95616,0.97867,0.86318,0.49637,0.56158,0.85732,0.000543182,0.000543182,0.000543182
415,328.644,0.58371,0.58266,0.90945,0.90554,0.95616,0.97867,0.86318,0.49637,0.56158,0.85732,0.000541807,0.000541807,0.000541807
416,329.418,0.55666,0.57333,0.90647,0.91819,0.92896,0.9824,0.86769,0.48414,0.56111,0.85805,0.000540432,0.000540432,0.000540432
417,330.179,0.53297,0.57633,0.89671,0.91819,0.92896,0.9824,0.86769,0.48414,0.56111,0.85805,0.000539057,0.000539057,0.000539057
418,330.919,0.55096,0.62363,0.89172,0.91819,0.92896,0.9824,0.86769,0.48414,0.56111,0.85805,0.000537682,0.000537682,0.000537682
419,331.696,0.59288,0.64015,0.90309,0.91819,0.92896,0.9824,0.86769,0.48414,0.56111,0.85805,0.000536307,0.000536307,0.000536307
420,332.451,0.51515,0.6006,0.88425,0.91531,0.92723,0.98233,0.87444,0.47002,0.55192,0.85683,0.000534933,0.000534933,0.000534933
421,333.235,0.63038,0.64247,0.91627,0.91531,0.92723,0.98233,0.87444,0.47002,0.55192,0.85683,0.000533558,0.000533558,0.000533558
422,334.005,0.49993,0.55306,0.87929,0.91531,0.92723,0.98233,0.87444,0.47002,0.55192,0.85683,0.000532183,0.000532183,0.000532183
423,334.792,0.47322,0.59026,0.8951,0.91531,0.92723,0.98233,0.87444,0.47002,0.55192,0.85683,0.000530808,0.000530808,0.000530808
424,335.578,0.49088,0.598,0.90346,0.91705,0.93373,0.98132,0.87009,0.47935,0.54337,0.86083,0.000529433,0.000529433,0.000529433
425,336.338,0.54285,0.61263,0.86735,0.91705,0.93373,0.98132,0.87009,0.47935,0.54337,0.86083,0.000528058,0.000528058,0.000528058
426,337.135,0.56537,0.55665,0.88499,0.91705,0.93373,0.98132,0.87009,0.47935,0.54337,0.86083,0.000526683,0.000526683,0.000526683
427,337.912,0.47698,0.57927,0.87296,0.91705,0.93373,0.98132,0.87009,0.47935,0.54337,0.86083,0.000525309,0.000525309,0.000525309
428,338.693,0.58518,0.55761,0.88544,0.89926,0.95003,0.97891,0.86943,0.47465,0.5447,0.85872,0.000523934,0.000523934,0.000523934
429,339.447,0.46846,0.56925,0.93217,0.89926,0.95003,0.97891,0.86943,0.47465,0.5447,0.85872,0.000522559,0.000522559,0.000522559
430,340.188,0.54528,0.57366,0.88317,0.89926,0.95003,0.97891,0.86943,0.47465,0.5447,0.85872,0.000521184,0.000521184,0.000521184
431,340.968,0.47224,0.54084,0.85918,0.89926,0.95003,0.97891,0.86943,0.47465,0.5447,0.85872,0.000519809,0.000519809,0.000519809
432,341.736,0.46042,0.57848,0.89322,0.90954,0.93512,0.98249,0.86969,0.47444,0.54002,0.85833,0.000518434,0.000518434,0.000518434
433,342.519,0.61163,0.65102,0.90337,0.90954,0.93512,0.98249,0.86969,0.47444,0.54002,0.85833,0.000517059,0.000517059,0.000517059
434,343.296,0.51793,0.60437,0.89311,0.90954,0.93512,0.98249,0.86969,0.47444,0.54002,0.85833,0.000515685,0.000515685,0.000515685
435,344.061,0.50587,0.60536,0.91304,0.90954,0.93512,0.98249,0.86969,0.47444,0.54002,0.85833,0.00051431,0.00051431,0.00051431
436,344.831,0.50974,0.60215,0.91879,0.90882,0.93412,0.98137,0.86816,0.47762,0.53633,0.85833,0.000512935,0.000512935,0.000512935
437,345.604,0.46986,0.59201,0.89921,0.90882,0.93412,0.98137,0.86816,0.47762,0.53633,0.85833,0.00051156,0.00051156,0.00051156
438,346.366,0.47614,0.52254,0.85116,0.90882,0.93412,0.98137,0.86816,0.47762,0.53633,0.85833,0.000510185,0.000510185,0.000510185
439,347.116,0.49541,0.57549,0.90668,0.90882,0.93412,0.98137,0.86816,0.47762,0.53633,0.85833,0.00050881,0.00050881,0.00050881
440,347.911,0.59623,0.59326,0.87272,0.9061,0.94041,0.98172,0.87408,0.4652,0.5371,0.85203,0.000507435,0.000507435,0.000507435
441,348.666,0.54377,0.60264,0.89654,0.9061,0.94041,0.98172,0.87408,0.4652,0.5371,0.85203,0.00050606,0.00050606,0.00050606
442,349.421,0.51962,0.59056,0.89069,0.9061,0.94041,0.98172,0.87408,0.4652,0.5371,0.85203,0.000504686,0.000504686,0.000504686
443,350.189,0.5358,0.587,0.90707,0.9061,0.94041,0.98172,0.87408,0.4652,0.5371,0.85203,0.000503311,0.000503311,0.000503311
444,350.96,0.48486,0.62686,0.90156,0.90706,0.93542,0.98169,0.87324,0.47295,0.53886,0.85227,0.000501936,0.000501936,0.000501936
445,351.716,0.5948,0.62087,0.88657,0.90706,0.93542,0.98169,0.87324,0.47295,0.53886,0.85227,0.000500561,0.000500561,0.000500561
446,352.601,0.52813,0.53955,0.87406,0.90706,0.93542,0.98169,0.87324,0.47295,0.53886,0.85227,0.000499186,0.000499186,0.000499186
447,353.369,0.5504,0.55749,0.88856,0.90706,0.93542,0.98169,0.87324,0.47295,0.53886,0.85227,0.000497811,0.000497811,0.000497811
448,354.159,0.54619,0.56881,0.89326,0.91748,0.9219,0.97719,0.88267,0.45955,0.54141,0.84956,0.000496436,0.000496436,0.000496436
449,354.963,0.63409,0.58261,0.92742,0.91748,0.9219,0.97719,0.88267,0.45955,0.54141,0.84956,0.000495062,0.000495062,0.000495062
450,355.744,0.51419,0.54336,0.86684,0.91748,0.9219,0.97719,0.88267,0.45955,0.54141,0.84956,0.000493687,0.000493687,0.000493687
451,356.529,0.49158,0.56562,0.88927,0.91748,0.9219,0.97719,0.88267,0.45955,0.54141,0.84956,0.000492312,0.000492312,0.000492312
452,357.329,0.49408,0.56123,0.89878,0.90277,0.94494,0.97743,0.88308,0.4514,0.54512,0.84939,0.000490937,0.000490937,0.000490937
453,358.11,0.48042,0.62733,0.91642,0.90277,0.94494,0.97743,0.88308,0.4514,0.54512,0.84939,0.000489562,0.000489562,0.000489562
454,358.882,0.44223,0.52709,0.87192,0.90277,0.94494,0.97743,0.88308,0.4514,0.54512,0.84939,0.000488187,0.000488187,0.000488187
455,359.652,0.52339,0.52782,0.87363,0.90277,0.94494,0.97743,0.88308,0.4514,0.54512,0.84939,0.000486812,0.000486812,0.000486812
456,360.453,0.51999,0.56004,0.89612,0.92164,0.93086,0.97584,0.87848,0.46003,0.54313,0.85122,0.000485438,0.000485438,0.000485438
457,361.226,0.56313,0.56153,0.8656,0.92164,0.93086,0.97584,0.87848,0.46003,0.54313,0.85122,0.000484063,0.000484063,0.000484063
458,362.001,0.50583,0.5684,0.8952,0.92164,0.93086,0.97584,0.87848,0.46003,0.54313,0.85122,0.000482688,0.000482688,0.000482688
459,362.749,0.5884,0.60539,0.90894,0.92164,0.93086,0.97584,0.87848,0.46003,0.54313,0.85122,0.000481313,0.000481313,0.000481313
460,363.556,0.53645,0.55888,0.89925,0.92475,0.8938,0.97386,0.87479,0.45769,0.53518,0.85335,0.000479938,0.000479938,0.000479938
461,364.323,0.49335,0.58475,0.86728,0.92475,0.8938,0.97386,0.87479,0.45769,0.53518,0.85335,0.000478563,0.000478563,0.000478563
462,365.104,0.56554,0.61763,0.90875,0.92475,0.8938,0.97386,0.87479,0.45769,0.53518,0.85335,0.000477188,0.000477188,0.000477188
463,365.881,0.51578,0.58198,0.88032,0.92475,0.8938,0.97386,0.87479,0.45769,0.53518,0.85335,0.000475814,0.000475814,0.000475814
464,366.647,0.57458,0.62084,0.91221,0.92108,0.94037,0.97933,0.87509,0.46556,0.5272,0.85753,0.000474439,0.000474439,0.000474439
465,367.58,0.64435,0.59995,0.90361,0.92108,0.94037,0.97933,0.87509,0.46556,0.5272,0.85753,0.000473064,0.000473064,0.000473064
466,368.356,0.53804,0.5612,0.89664,0.92108,0.94037,0.97933,0.87509,0.46556,0.5272,0.85753,0.000471689,0.000471689,0.000471689
467,369.127,0.6047,0.55705,0.94478,0.92108,0.94037,0.97933,0.87509,0.46556,0.5272,0.85753,0.000470314,0.000470314,0.000470314
468,369.902,0.53302,0.57897,0.90844,0.96295,0.90398,0.9812,0.88018,0.46206,0.52038,0.85393,0.000468939,0.000468939,0.000468939
469,370.685,0.52973,0.54761,0.8466,0.96295,0.90398,0.9812,0.88018,0.46206,0.52038,0.85393,0.000467564,0.000467564,0.000467564
470,371.485,0.5106,0.56297,0.89024,0.96295,0.90398,0.9812,0.88018,0.46206,0.52038,0.85393,0.000466189,0.000466189,0.000466189
471,372.27,0.60154,0.61075,0.90777,0.96295,0.90398,0.9812,0.88018,0.46206,0.52038,0.85393,0.000464815,0.000464815,0.000464815
472,373.072,0.51782,0.54488,0.86461,0.90525,0.9478,0.97923,0.88367,0.44226,0.52093,0.84886,0.00046344,0.00046344,0.00046344
473,373.878,0.57006,0.57746,0.92,0.90525,0.9478,0.97923,0.88367,0.44226,0.52093,0.84886,0.000462065,0.000462065,0.000462065
474,374.684,0.53081,0.54592,0.90913,0.90525,0.9478,0.97923,0.88367,0.44226,0.52093,0.84886,0.00046069,0.00046069,0.00046069
475,375.482,0.55222,0.56449,0.86869,0.90525,0.9478,0.97923,0.88367,0.44226,0.52093,0.84886,0.000459315,0.000459315,0.000459315
476,376.313,0.495,0.54785,0.8664,0.91051,0.94806,0.98056,0.88477,0.44072,0.52517,0.84809,0.00045794,0.00045794,0.00045794
477,377.086,0.51201,0.56787,0.92506,0.91051,0.94806,0.98056,0.88477,0.44072,0.52517,0.84809,0.000456565,0.000456565,0.000456565
478,377.873,0.48686,0.57772,0.89825,0.91051,0.94806,0.98056,0.88477,0.44072,0.52517,0.84809,0.000455191,0.000455191,0.000455191
479,378.652,0.56723,0.57936,0.87543,0.91051,0.94806,0.98056,0.88477,0.44072,0.52517,0.84809,0.000453816,0.000453816,0.000453816
480,379.469,0.55828,0.53517,0.84589,0.91208,0.94169,0.9747,0.87992,0.45132,0.52685,0.84783,0.000452441,0.000452441,0.000452441
481,380.248,0.57442,0.60503,0.86001,0.91208,0.94169,0.9747,0.87992,0.45132,0.52685,0.84783,0.000451066,0.000451066,0.000451066
482,381.031,0.53082,0.54073,0.92112,0.91208,0.94169,0.9747,0.87992,0.45132,0.52685,0.84783,0.000449691,0.000449691,0.000449691
483,381.798,0.49808,0.58756,0.87713,0.91208,0.94169,0.9747,0.87992,0.45132,0.52685,0.84783,0.000448316,0.000448316,0.000448316
484,382.601,0.62557,0.61219,0.86239,0.91138,0.93923,0.97432,0.88384,0.4575,0.52458,0.8484,0.000446941,0.000446941,0.000446941
485,383.377,0.53951,0.58437,0.87209,0.91138,0.93923,0.97432,0.88384,0.4575,0.52458,0.8484,0.000445567,0.000445567,0.000445567
486,384.17,0.49179,0.57736,0.87779,0.91138,0.93923,0.97432,0.88384,0.4575,0.52458,0.8484,0.000444192,0.000444192,0.000444192
487,384.928,0.50732,0.53221,0.87402,0.91138,0.93923,0.97432,0.88384,0.4575,0.52458,0.8484,0.000442817,0.000442817,0.000442817
488,385.704,0.43933,0.52234,0.85713,0.91648,0.94142,0.9823,0.88648,0.44788,0.52543,0.84745,0.000441442,0.000441442,0.000441442
489,386.479,0.47156,0.58022,0.87014,0.91648,0.94142,0.9823,0.88648,0.44788,0.52543,0.84745,0.000440067,0.000440067,0.000440067
490,387.274,0.4538,0.52489,0.8716,0.91648,0.94142,0.9823,0.88648,0.44788,0.52543,0.84745,0.000438692,0.000438692,0.000438692
491,388.05,0.4684,0.53119,0.87357,0.91648,0.94142,0.9823,0.88648,0.44788,0.52543,0.84745,0.000437317,0.000437317,0.000437317
492,388.856,0.52743,0.55876,0.87104,0.92181,0.93087,0.97989,0.88238,0.45355,0.52819,0.8474,0.000435943,0.000435943,0.000435943
493,389.602,0.536,0.57133,0.88679,0.92181,0.93087,0.97989,0.88238,0.45355,0.52819,0.8474,0.000434568,0.000434568,0.000434568
494,390.358,0.54377,0.63411,0.89941,0.92181,0.93087,0.97989,0.88238,0.45355,0.52819,0.8474,0.000433193,0.000433193,0.000433193
495,391.123,0.48186,0.56911,0.87459,0.92181,0.93087,0.97989,0.88238,0.45355,0.52819,0.8474,0.000431818,0.000431818,0.000431818
496,391.898,0.50229,0.58341,0.90783,0.91233,0.94141,0.98263,0.88521,0.45092,0.52687,0.84727,0.000430443,0.000430443,0.000430443
497,392.672,0.55759,0.5711,0.87602,0.91233,0.94141,0.98263,0.88521,0.45092,0.52687,0.84727,0.000429068,0.000429068,0.000429068
498,393.429,0.54438,0.54579,0.87866,0.91233,0.94141,0.98263,0.88521,0.45092,0.52687,0.84727,0.000427693,0.000427693,0.000427693
499,394.19,0.41534,0.5075,0.85991,0.91233,0.94141,0.98263,0.88521,0.45092,0.52687,0.84727,0.000426318,0.000426318,0.000426318
500,394.985,0.46179,0.55108,0.8483,0.92018,0.93863,0.98158,0.88382,0.44814,0.52473,0.84567,0.000424944,0.000424944,0.000424944
501,395.746,0.48516,0.54134,0.87506,0.92018,0.93863,0.98158,0.88382,0.44814,0.52473,0.84567,0.000423569,0.000423569,0.000423569
502,396.525,0.51102,0.52208,0.88565,0.92018,0.93863,0.98158,0.88382,0.44814,0.52473,0.84567,0.000422194,0.000422194,0.000422194
503,397.297,0.57405,0.58398,0.92647,0.92018,0.93863,0.98158,0.88382,0.44814,0.52473,0.84567,0.000420819,0.000420819,0.000420819
504,398.072,0.51855,0.54022,0.87217,0.91184,0.94048,0.97765,0.88242,0.44548,0.51731,0.8456,0.000419444,0.000419444,0.000419444
505,398.825,0.46786,0.59482,0.86928,0.91184,0.94048,0.97765,0.88242,0.44548,0.51731,0.8456,0.000418069,0.000418069,0.000418069
506,399.593,0.51243,0.57122,0.90703,0.91184,0.94048,0.97765,0.88242,0.44548,0.51731,0.8456,0.000416694,0.000416694,0.000416694
507,400.367,0.4499,0.52122,0.8756,0.91184,0.94048,0.97765,0.88242,0.44548,0.51731,0.8456,0.00041532,0.00041532,0.00041532
508,401.129,0.58542,0.58219,0.92243,0.90375,0.95659,0.97788,0.88114,0.44116,0.50513,0.8451,0.000413945,0.000413945,0.000413945
509,401.882,0.49967,0.53191,0.88592,0.90375,0.95659,0.97788,0.88114,0.44116,0.50513,0.8451,0.00041257,0.00041257,0.00041257
510,402.65,0.52431,0.55005,0.8897,0.90375,0.95659,0.97788,0.88114,0.44116,0.50513,0.8451,0.000411195,0.000411195,0.000411195
511,403.408,0.50631,0.5634,0.88912,0.90375,0.95659,0.97788,0.88114,0.44116,0.50513,0.8451,0.00040982,0.00040982,0.00040982
512,404.219,0.58161,0.5961,0.8851,0.91913,0.94426,0.97659,0.88245,0.44349,0.49949,0.8476,0.000408445,0.000408445,0.000408445
513,404.989,0.55537,0.58492,0.88534,0.91913,0.94426,0.97659,0.88245,0.44349,0.49949,0.8476,0.00040707,0.00040707,0.00040707
514,405.742,0.45623,0.52214,0.87521,0.91913,0.94426,0.97659,0.88245,0.44349,0.49949,0.8476,0.000405696,0.000405696,0.000405696
515,406.534,0.4812,0.55036,0.86546,0.91913,0.94426,0.97659,0.88245,0.44349,0.49949,0.8476,0.000404321,0.000404321,0.000404321
516,407.304,0.4807,0.55247,0.88634,0.90212,0.96376,0.97824,0.88749,0.44004,0.49239,0.84674,0.000402946,0.000402946,0.000402946
517,408.08,0.5468,0.60821,0.87989,0.90212,0.96376,0.97824,0.88749,0.44004,0.49239,0.84674,0.000401571,0.000401571,0.000401571
518,408.853,0.51644,0.55188,0.86513,0.90212,0.96376,0.97824,0.88749,0.44004,0.49239,0.84674,0.000400196,0.000400196,0.000400196
519,409.644,0.50512,0.60079,0.86822,0.90212,0.96376,0.97824,0.88749,0.44004,0.49239,0.84674,0.000398821,0.000398821,0.000398821
520,410.434,0.51431,0.55727,0.87999,0.90099,0.96865,0.98185,0.89101,0.43729,0.49137,0.84436,0.000397446,0.000397446,0.000397446
521,411.204,0.53272,0.55269,0.87523,0.90099,0.96865,0.98185,0.89101,0.43729,0.49137,0.84436,0.000396071,0.000396071,0.000396071
522,411.983,0.45295,0.51904,0.87236,0.90099,0.96865,0.98185,0.89101,0.43729,0.49137,0.84436,0.000394697,0.000394697,0.000394697
523,412.771,0.52794,0.5747,0.87296,0.90099,0.96865,0.98185,0.89101,0.43729,0.49137,0.84436,0.000393322,0.000393322,0.000393322
524,413.56,0.49359,0.58084,0.90836,0.90276,0.96451,0.97827,0.89329,0.42561,0.49661,0.8414,0.000391947,0.000391947,0.000391947
525,414.331,0.48184,0.56956,0.89554,0.90276,0.96451,0.97827,0.89329,0.42561,0.49661,0.8414,0.000390572,0.000390572,0.000390572
526,415.123,0.49393,0.57587,0.88118,0.90276,0.96451,0.97827,0.89329,0.42561,0.49661,0.8414,0.000389197,0.000389197,0.000389197
527,415.873,0.51843,0.56288,0.91664,0.90276,0.96451,0.97827,0.89329,0.42561,0.49661,0.8414,0.000387822,0.000387822,0.000387822
528,416.642,0.47701,0.54538,0.8738,0.90889,0.95617,0.98102,0.89142,0.42928,0.50811,0.84152,0.000386447,0.000386447,0.000386447
529,417.396,0.44419,0.53565,0.87526,0.90889,0.95617,0.98102,0.89142,0.42928,0.50811,0.84152,0.000385073,0.000385073,0.000385073
530,418.171,0.55645,0.54491,0.85776,0.90889,0.95617,0.98102,0.89142,0.42928,0.50811,0.84152,0.000383698,0.000383698,0.000383698
531,418.951,0.53828,0.53899,0.86464,0.90889,0.95617,0.98102,0.89142,0.42928,0.50811,0.84152,0.000382323,0.000382323,0.000382323
532,419.743,0.43275,0.54371,0.87541,0.91846,0.94921,0.98124,0.89003,0.43187,0.51304,0.84074,0.000380948,0.000380948,0.000380948
533,420.497,0.63333,0.61747,0.92627,0.91846,0.94921,0.98124,0.89003,0.43187,0.51304,0.84074,0.000379573,0.000379573,0.000379573
534,421.244,0.43572,0.53984,0.89792,0.91846,0.94921,0.98124,0.89003,0.43187,0.51304,0.84074,0.000378198,0.000378198,0.000378198
535,422.041,0.51749,0.55995,0.88264,0.91846,0.94921,0.98124,0.89003,0.43187,0.51304,0.84074,0.000376823,0.000376823,0.000376823
536,422.804,0.46567,0.54597,0.86037,0.92491,0.9342,0.98206,0.88751,0.43034,0.51152,0.84264,0.000375449,0.000375449,0.000375449
537,423.562,0.56535,0.61094,0.94146,0.92491,0.9342,0.98206,0.88751,0.43034,0.51152,0.84264,0.000374074,0.000374074,0.000374074
538,424.333,0.51396,0.56003,0.89192,0.92491,0.9342,0.98206,0.88751,0.43034,0.51152,0.84264,0.000372699,0.000372699,0.000372699
539,425.093,0.48893,0.53501,0.83793,0.92491,0.9342,0.98206,0.88751,0.43034,0.51152,0.84264,0.000371324,0.000371324,0.000371324
540,425.869,0.49709,0.54982,0.86339,0.92234,0.95179,0.98245,0.88784,0.43689,0.51073,0.84616,0.000369949,0.000369949,0.000369949
541,426.659,0.55288,0.57861,0.88575,0.92234,0.95179,0.98245,0.88784,0.43689,0.51073,0.84616,0.000368574,0.000368574,0.000368574
542,427.413,0.47407,0.55231,0.90074,0.92234,0.95179,0.98245,0.88784,0.43689,0.51073,0.84616,0.000367199,0.000367199,0.000367199
543,428.18,0.62256,0.61434,0.9115,0.92234,0.95179,0.98245,0.88784,0.43689,0.51073,0.84616,0.000365825,0.000365825,0.000365825
544,428.954,0.52195,0.53199,0.86357,0.97328,0.91321,0.98215,0.88914,0.43877,0.50321,0.84751,0.00036445,0.00036445,0.00036445
545,429.717,0.5865,0.56076,0.88142,0.97328,0.91321,0.98215,0.88914,0.43877,0.50321,0.84751,0.000363075,0.000363075,0.000363075
546,430.477,0.47349,0.54038,0.90278,0.97328,0.91321,0.98215,0.88914,0.43877,0.50321,0.84751,0.0003617,0.0003617,0.0003617
547,431.23,0.51525,0.54922,0.85526,0.97328,0.91321,0.98215,0.88914,0.43877,0.50321,0.84751,0.000360325,0.000360325,0.000360325
548,431.991,0.47721,0.52812,0.87006,0.945,0.92884,0.98375,0.8952,0.42672,0.4932,0.84477,0.00035895,0.00035895,0.00035895
549,432.763,0.45156,0.54263,0.87765,0.945,0.92884,0.98375,0.8952,0.42672,0.4932,0.84477,0.000357575,0.000357575,0.000357575
550,433.54,0.49116,0.51421,0.86201,0.945,0.92884,0.98375,0.8952,0.42672,0.4932,0.84477,0.0003562,0.0003562,0.0003562
551,434.306,0.45344,0.49258,0.88354,0.945,0.92884,0.98375,0.8952,0.42672,0.4932,0.84477,0.000354826,0.000354826,0.000354826
552,435.11,0.56095,0.58369,0.88253,0.90995,0.95468,0.9802,0.89289,0.41532,0.48815,0.84181,0.000353451,0.000353451,0.000353451
553,435.856,0.46591,0.51622,0.85945,0.90995,0.95468,0.9802,0.89289,0.41532,0.48815,0.84181,0.000352076,0.000352076,0.000352076
554,436.782,0.51174,0.53402,0.86699,0.90995,0.95468,0.9802,0.89289,0.41532,0.48815,0.84181,0.000350701,0.000350701,0.000350701
555,437.541,0.49132,0.55919,0.89464,0.90995,0.95468,0.9802,0.89289,0.41532,0.48815,0.84181,0.000349326,0.000349326,0.000349326
556,438.329,0.5059,0.53274,0.86276,0.91358,0.9539,0.98193,0.88843,0.41905,0.48771,0.84181,0.000347951,0.000347951,0.000347951
557,439.096,0.45114,0.494,0.8656,0.91358,0.9539,0.98193,0.88843,0.41905,0.48771,0.84181,0.000346576,0.000346576,0.000346576
558,439.856,0.46122,0.5053,0.8962,0.91358,0.9539,0.98193,0.88843,0.41905,0.48771,0.84181,0.000345202,0.000345202,0.000345202
559,440.617,0.4584,0.54138,0.87873,0.91358,0.9539,0.98193,0.88843,0.41905,0.48771,0.84181,0.000343827,0.000343827,0.000343827
560,441.392,0.51605,0.54292,0.89301,0.92551,0.95206,0.98417,0.88954,0.41784,0.48494,0.84094,0.000342452,0.000342452,0.000342452
561,442.144,0.54163,0.6245,0.88253,0.92551,0.95206,0.98417,0.88954,0.41784,0.48494,0.84094,0.000341077,0.000341077,0.000341077
562,442.929,0.56005,0.58852,0.87332,0.92551,0.95206,0.98417,0.88954,0.41784,0.48494,0.84094,0.000339702,0.000339702,0.000339702
563,443.703,0.50356,0.53949,0.86443,0.92551,0.95206,0.98417,0.88954,0.41784,0.48494,0.84094,0.000338327,0.000338327,0.000338327
564,444.486,0.45182,0.49332,0.86292,0.92199,0.94669,0.98044,0.8945,0.4098,0.48308,0.83935,0.000336952,0.000336952,0.000336952
565,445.222,0.482,0.49654,0.88704,0.92199,0.94669,0.98044,0.8945,0.4098,0.48308,0.83935,0.000335578,0.000335578,0.000335578
566,445.974,0.44973,0.52496,0.86549,0.92199,0.94669,0.98044,0.8945,0.4098,0.48308,0.83935,0.000334203,0.000334203,0.000334203
567,446.733,0.45091,0.52884,0.87577,0.92199,0.94669,0.98044,0.8945,0.4098,0.48308,0.83935,0.000332828,0.000332828,0.000332828
568,447.503,0.42563,0.50082,0.86734,0.9106,0.94614,0.97777,0.89688,0.40184,0.48423,0.83677,0.000331453,0.000331453,0.000331453
569,448.267,0.51743,0.52857,0.87482,0.9106,0.94614,0.97777,0.89688,0.40184,0.48423,0.83677,0.000330078,0.000330078,0.000330078
570,449.026,0.38302,0.51324,0.90021,0.9106,0.94614,0.97777,0.89688,0.40184,0.48423,0.83677,0.000328703,0.000328703,0.000328703
571,449.808,0.45628,0.5007,0.88171,0.9106,0.94614,0.97777,0.89688,0.40184,0.48423,0.83677,0.000327328,0.000327328,0.000327328
572,450.596,0.49406,0.52293,0.88674,0.9153,0.94617,0.9775,0.89444,0.4052,0.49248,0.83676,0.000325954,0.000325954,0.000325954
573,451.367,0.53734,0.58474,0.8812,0.9153,0.94617,0.9775,0.89444,0.4052,0.49248,0.83676,0.000324579,0.000324579,0.000324579
574,452.127,0.47314,0.53792,0.87114,0.9153,0.94617,0.9775,0.89444,0.4052,0.49248,0.83676,0.000323204,0.000323204,0.000323204
575,452.877,0.49318,0.52567,0.88226,0.9153,0.94617,0.9775,0.89444,0.4052,0.49248,0.83676,0.000321829,0.000321829,0.000321829
576,453.637,0.45238,0.53534,0.89454,0.91709,0.94461,0.97718,0.88138,0.41588,0.49709,0.839,0.000320454,0.000320454,0.000320454
577,454.398,0.43014,0.49708,0.84279,0.91709,0.94461,0.97718,0.88138,0.41588,0.49709,0.839,0.000319079,0.000319079,0.000319079
578,455.145,0.53063,0.57613,0.88691,0.91709,0.94461,0.97718,0.88138,0.41588,0.49709,0.839,0.000317704,0.000317704,0.000317704
579,455.905,0.41263,0.50216,0.84818,0.91709,0.94461,0.97718,0.88138,0.41588,0.49709,0.839,0.000316329,0.000316329,0.000316329
580,456.665,0.3653,0.54074,0.86471,0.91189,0.94156,0.97739,0.88864,0.41805,0.49302,0.83908,0.000314955,0.000314955,0.000314955
581,457.413,0.56096,0.58701,0.88867,0.91189,0.94156,0.97739,0.88864,0.41805,0.49302,0.83908,0.00031358,0.00031358,0.00031358
582,458.164,0.42638,0.52529,0.87247,0.91189,0.94156,0.97739,0.88864,0.41805,0.49302,0.83908,0.000312205,0.000312205,0.000312205
583,458.911,0.43734,0.53597,0.85624,0.91189,0.94156,0.97739,0.88864,0.41805,0.49302,0.83908,0.00031083,0.00031083,0.00031083
584,459.691,0.47701,0.51589,0.86595,0.91623,0.94538,0.97958,0.89207,0.4222,0.4865,0.83952,0.000309455,0.000309455,0.000309455
585,460.444,0.47102,0.53842,0.88617,0.91623,0.94538,0.97958,0.89207,0.4222,0.4865,0.83952,0.00030808,0.00030808,0.00030808
586,461.226,0.45036,0.56512,0.84768,0.91623,0.94538,0.97958,0.89207,0.4222,0.4865,0.83952,0.000306705,0.000306705,0.000306705
587,462.009,0.49437,0.51585,0.89058,0.91623,0.94538,0.97958,0.89207,0.4222,0.4865,0.83952,0.000305331,0.000305331,0.000305331
588,462.779,0.44714,0.51301,0.85622,0.96726,0.9119,0.98224,0.88803,0.42551,0.4802,0.84093,0.000303956,0.000303956,0.000303956
589,463.551,0.45081,0.54042,0.8646,0.96726,0.9119,0.98224,0.88803,0.42551,0.4802,0.84093,0.000302581,0.000302581,0.000302581
590,464.329,0.4667,0.58382,0.85821,0.96726,0.9119,0.98224,0.88803,0.42551,0.4802,0.84093,0.000301206,0.000301206,0.000301206
591,465.079,0.43697,0.53016,0.88036,0.96726,0.9119,0.98224,0.88803,0.42551,0.4802,0.84093,0.000299831,0.000299831,0.000299831
592,465.872,0.4671,0.4941,0.8785,0.92314,0.94229,0.97995,0.88636,0.42212,0.47674,0.84074,0.000298456,0.000298456,0.000298456
593,466.623,0.50488,0.52164,0.88904,0.92314,0.94229,0.97995,0.88636,0.42212,0.47674,0.84074,0.000297081,0.000297081,0.000297081
594,467.386,0.52081,0.5423,0.90838,0.92314,0.94229,0.97995,0.88636,0.42212,0.47674,0.84074,0.000295707,0.000295707,0.000295707
595,468.127,0.52473,0.59876,0.86558,0.92314,0.94229,0.97995,0.88636,0.42212,0.47674,0.84074,0.000294332,0.000294332,0.000294332
596,468.91,0.42001,0.49583,0.84362,0.93325,0.93569,0.9807,0.88351,0.41693,0.47966,0.84018,0.000292957,0.000292957,0.000292957
597,469.665,0.40412,0.47183,0.88519,0.93325,0.93569,0.9807,0.88351,0.41693,0.47966,0.84018,0.000291582,0.000291582,0.000291582
598,470.591,0.5045,0.55951,0.89509,0.93325,0.93569,0.9807,0.88351,0.41693,0.47966,0.84018,0.000290207,0.000290207,0.000290207
599,471.373,0.42261,0.48811,0.884,0.93325,0.93569,0.9807,0.88351,0.41693,0.47966,0.84018,0.000288832,0.000288832,0.000288832
600,472.159,0.47746,0.5348,0.87813,0.93086,0.9385,0.9806,0.89285,0.41212,0.48098,0.84006,0.000287457,0.000287457,0.000287457
601,472.919,0.48669,0.51551,0.84045,0.93086,0.9385,0.9806,0.89285,0.41212,0.48098,0.84006,0.000286083,0.000286083,0.000286083
602,473.682,0.41169,0.49145,0.8881,0.93086,0.9385,0.9806,0.89285,0.41212,0.48098,0.84006,0.000284708,0.000284708,0.000284708
603,474.463,0.47738,0.54371,0.8565,0.93086,0.9385,0.9806,0.89285,0.41212,0.48098,0.84006,0.000283333,0.000283333,0.000283333
604,475.264,0.47902,0.52455,0.86932,0.92758,0.93861,0.98459,0.89949,0.41037,0.48148,0.84033,0.000281958,0.000281958,0.000281958
605,476.031,0.41719,0.54204,0.90752,0.92758,0.93861,0.98459,0.89949,0.41037,0.48148,0.84033,0.000280583,0.000280583,0.000280583
606,476.809,0.47931,0.5401,0.84125,0.92758,0.93861,0.98459,0.89949,0.41037,0.48148,0.84033,0.000279208,0.000279208,0.000279208
607,477.601,0.5015,0.54723,0.87984,0.92758,0.93861,0.98459,0.89949,0.41037,0.48148,0.84033,0.000277833,0.000277833,0.000277833
608,478.392,0.43851,0.51435,0.89316,0.92435,0.94266,0.98511,0.90011,0.40182,0.48162,0.83691,0.000276458,0.000276458,0.000276458
609,479.19,0.43709,0.47304,0.85247,0.92435,0.94266,0.98511,0.90011,0.40182,0.48162,0.83691,0.000275084,0.000275084,0.000275084
610,479.983,0.41606,0.49531,0.89461,0.92435,0.94266,0.98511,0.90011,0.40182,0.48162,0.83691,0.000273709,0.000273709,0.000273709
611,480.782,0.46355,0.51358,0.88525,0.92435,0.94266,0.98511,0.90011,0.40182,0.48162,0.83691,0.000272334,0.000272334,0.000272334
612,481.606,0.47213,0.543,0.85654,0.9241,0.95301,0.98537,0.90112,0.39094,0.47897,0.83346,0.000270959,0.000270959,0.000270959
613,482.386,0.44684,0.51221,0.88047,0.9241,0.95301,0.98537,0.90112,0.39094,0.47897,0.83346,0.000269584,0.000269584,0.000269584
614,483.173,0.6069,0.62488,0.871,0.9241,0.95301,0.98537,0.90112,0.39094,0.47897,0.83346,0.000268209,0.000268209,0.000268209
615,483.955,0.44257,0.52223,0.87751,0.9241,0.95301,0.98537,0.90112,0.39094,0.47897,0.83346,0.000266834,0.000266834,0.000266834
616,484.747,0.47981,0.52451,0.88046,0.93157,0.94612,0.98569,0.90071,0.38885,0.47522,0.83283,0.00026546,0.00026546,0.00026546
617,485.499,0.5269,0.54944,0.89781,0.93157,0.94612,0.98569,0.90071,0.38885,0.47522,0.83283,0.000264085,0.000264085,0.000264085
618,486.267,0.46395,0.5521,0.88322,0.93157,0.94612,0.98569,0.90071,0.38885,0.47522,0.83283,0.00026271,0.00026271,0.00026271
619,487.058,0.47425,0.53479,0.86359,0.93157,0.94612,0.98569,0.90071,0.38885,0.47522,0.83283,0.000261335,0.000261335,0.000261335
620,487.835,0.43408,0.5348,0.87829,0.93044,0.93846,0.98283,0.89927,0.38641,0.47273,0.8327,0.00025996,0.00025996,0.00025996
621,488.597,0.47426,0.51188,0.86726,0.93044,0.93846,0.98283,0.89927,0.38641,0.47273,0.8327,0.000258585,0.000258585,0.000258585
622,489.384,0.50124,0.54014,0.87971,0.93044,0.93846,0.98283,0.89927,0.38641,0.47273,0.8327,0.00025721,0.00025721,0.00025721
623,490.133,0.46445,0.50525,0.86328,0.93044,0.93846,0.98283,0.89927,0.38641,0.47273,0.8327,0.000255836,0.000255836,0.000255836
624,490.909,0.47206,0.57191,0.87358,0.92981,0.94339,0.98515,0.90446,0.38567,0.47412,0.83284,0.000254461,0.000254461,0.000254461
625,491.691,0.41536,0.52808,0.8598,0.92981,0.94339,0.98515,0.90446,0.38567,0.47412,0.83284,0.000253086,0.000253086,0.000253086
626,492.451,0.41812,0.49259,0.86362,0.92981,0.94339,0.98515,0.90446,0.38567,0.47412,0.83284,0.000251711,0.000251711,0.000251711
627,493.225,0.49278,0.50627,0.84961,0.92981,0.94339,0.98515,0.90446,0.38567,0.47412,0.83284,0.000250336,0.000250336,0.000250336
628,494.01,0.50202,0.512,0.89295,0.92005,0.94928,0.98268,0.90266,0.38386,0.47366,0.83286,0.000248961,0.000248961,0.000248961
629,494.788,0.499,0.53577,0.86588,0.92005,0.94928,0.98268,0.90266,0.38386,0.47366,0.83286,0.000247586,0.000247586,0.000247586
630,495.564,0.47859,0.50094,0.88909,0.92005,0.94928,0.98268,0.90266,0.38386,0.47366,0.83286,0.000246211,0.000246211,0.000246211
631,496.35,0.39946,0.49153,0.86716,0.92005,0.94928,0.98268,0.90266,0.38386,0.47366,0.83286,0.000244837,0.000244837,0.000244837
632,497.17,0.55244,0.53831,0.86651,0.99201,0.89351,0.98559,0.90738,0.3776,0.47323,0.83138,0.000243462,0.000243462,0.000243462
633,497.964,0.49728,0.55288,0.87839,0.99201,0.89351,0.98559,0.90738,0.3776,0.47323,0.83138,0.000242087,0.000242087,0.000242087
634,498.761,0.54006,0.5498,0.92601,0.99201,0.89351,0.98559,0.90738,0.3776,0.47323,0.83138,0.000240712,0.000240712,0.000240712
635,499.535,0.38276,0.48191,0.86837,0.99201,0.89351,0.98559,0.90738,0.3776,0.47323,0.83138,0.000239337,0.000239337,0.000239337
636,500.324,0.47381,0.5033,0.88423,0.98487,0.90247,0.98534,0.90542,0.38433,0.47146,0.83295,0.000237962,0.000237962,0.000237962
637,501.081,0.4007,0.49115,0.84723,0.98487,0.90247,0.98534,0.90542,0.38433,0.47146,0.83295,0.000236587,0.000236587,0.000236587
638,501.824,0.47532,0.51304,0.87913,0.98487,0.90247,0.98534,0.90542,0.38433,0.47146,0.83295,0.000235213,0.000235213,0.000235213
639,502.603,0.47652,0.51771,0.87356,0.98487,0.90247,0.98534,0.90542,0.38433,0.47146,0.83295,0.000233838,0.000233838,0.000233838
640,503.392,0.43158,0.50448,0.86354,0.93043,0.93761,0.98204,0.90628,0.39153,0.46856,0.83532,0.000232463,0.000232463,0.000232463
641,504.152,0.43462,0.48519,0.88599,0.93043,0.93761,0.98204,0.90628,0.39153,0.46856,0.83532,0.000231088,0.000231088,0.000231088
642,504.932,0.47969,0.51937,0.87866,0.93043,0.93761,0.98204,0.90628,0.39153,0.46856,0.83532,0.000229713,0.000229713,0.000229713
643,505.707,0.40557,0.46089,0.84238,0.93043,0.93761,0.98204,0.90628,0.39153,0.46856,0.83532,0.000228338,0.000228338,0.000228338
644,506.479,0.49823,0.54522,0.86923,0.90911,0.94774,0.98377,0.90489,0.38873,0.46884,0.835,0.000226963,0.000226963,0.000226963
645,507.258,0.49579,0.53085,0.86265,0.90911,0.94774,0.98377,0.90489,0.38873,0.46884,0.835,0.000225589,0.000225589,0.000225589
646,508.018,0.47111,0.52135,0.865,0.90911,0.94774,0.98377,0.90489,0.38873,0.46884,0.835,0.000224214,0.000224214,0.000224214
647,508.767,0.437,0.54045,0.88419,0.90911,0.94774,0.98377,0.90489,0.38873,0.46884,0.835,0.000222839,0.000222839,0.000222839
648,509.553,0.43663,0.46799,0.8654,0.8996,0.96888,0.98263,0.90171,0.38292,0.46603,0.83326,0.000221464,0.000221464,0.000221464
649,510.354,0.41568,0.50558,0.8529,0.8996,0.96888,0.98263,0.90171,0.38292,0.46603,0.83326,0.000220089,0.000220089,0.000220089
650,511.109,0.49127,0.515,0.88423,0.8996,0.96888,0.98263,0.90171,0.38292,0.46603,0.83326,0.000218714,0.000218714,0.000218714
651,511.869,0.4367,0.47649,0.86304,0.8996,0.96888,0.98263,0.90171,0.38292,0.46603,0.83326,0.000217339,0.000217339,0.000217339
652,512.669,0.37507,0.44684,0.84039,0.93765,0.92011,0.98229,0.90395,0.37653,0.46248,0.83242,0.000215965,0.000215965,0.000215965
653,513.431,0.46509,0.49346,0.87916,0.93765,0.92011,0.98229,0.90395,0.37653,0.46248,0.83242,0.00021459,0.00021459,0.00021459
654,514.19,0.40793,0.51404,0.87507,0.93765,0.92011,0.98229,0.90395,0.37653,0.46248,0.83242,0.000213215,0.000213215,0.000213215
655,514.982,0.42072,0.51281,0.85924,0.93765,0.92011,0.98229,0.90395,0.37653,0.46248,0.83242,0.00021184,0.00021184,0.00021184
656,515.748,0.39139,0.47542,0.88385,0.92814,0.92826,0.98289,0.90365,0.375,0.45908,0.83212,0.000210465,0.000210465,0.000210465
657,516.517,0.48345,0.47273,0.86393,0.92814,0.92826,0.98289,0.90365,0.375,0.45908,0.83212,0.00020909,0.00020909,0.00020909
658,517.289,0.48966,0.51278,0.85196,0.92814,0.92826,0.98289,0.90365,0.375,0.45908,0.83212,0.000207715,0.000207715,0.000207715
659,518.057,0.49156,0.59377,0.8548,0.92814,0.92826,0.98289,0.90365,0.375,0.45908,0.83212,0.00020634,0.00020634,0.00020634
660,518.853,0.43849,0.50127,0.86347,0.94688,0.91487,0.98313,0.90508,0.3785,0.45882,0.83267,0.000204966,0.000204966,0.000204966
661,519.622,0.48805,0.50041,0.88184,0.94688,0.91487,0.98313,0.90508,0.3785,0.45882,0.83267,0.000203591,0.000203591,0.000203591
662,520.39,0.49876,0.51663,0.88986,0.94688,0.91487,0.98313,0.90508,0.3785,0.45882,0.83267,0.000202216,0.000202216,0.000202216
663,521.151,0.50447,0.53802,0.87311,0.94688,0.91487,0.98313,0.90508,0.3785,0.45882,0.83267,0.000200841,0.000200841,0.000200841
664,521.943,0.47413,0.50011,0.88512,0.94144,0.92212,0.98483,0.90358,0.37993,0.45853,0.83264,0.000199466,0.000199466,0.000199466
665,522.718,0.51677,0.56134,0.85512,0.94144,0.92212,0.98483,0.90358,0.37993,0.45853,0.83264,0.000198091,0.000198091,0.000198091
666,523.479,0.42706,0.54559,0.84729,0.94144,0.92212,0.98483,0.90358,0.37993,0.45853,0.83264,0.000196716,0.000196716,0.000196716
667,524.231,0.4207,0.50153,0.87713,0.94144,0.92212,0.98483,0.90358,0.37993,0.45853,0.83264,0.000195342,0.000195342,0.000195342
668,525.006,0.49922,0.53114,0.90908,0.94297,0.92006,0.98461,0.90479,0.37357,0.45715,0.83127,0.000193967,0.000193967,0.000193967
669,525.763,0.43115,0.51861,0.86047,0.94297,0.92006,0.98461,0.90479,0.37357,0.45715,0.83127,0.000192592,0.000192592,0.000192592
670,526.536,0.47069,0.51414,0.87714,0.94297,0.92006,0.98461,0.90479,0.37357,0.45715,0.83127,0.000191217,0.000191217,0.000191217
671,527.301,0.43703,0.49627,0.85326,0.94297,0.92006,0.98461,0.90479,0.37357,0.45715,0.83127,0.000189842,0.000189842,0.000189842
672,528.104,0.4462,0.50708,0.85027,0.94088,0.926,0.9848,0.90626,0.37178,0.45198,0.83062,0.000188467,0.000188467,0.000188467
673,528.89,0.50414,0.54817,0.86597,0.94088,0.926,0.9848,0.90626,0.37178,0.45198,0.83062,0.000187092,0.000187092,0.000187092
674,529.653,0.46303,0.52898,0.86636,0.94088,0.926,0.9848,0.90626,0.37178,0.45198,0.83062,0.000185718,0.000185718,0.000185718
675,530.42,0.45386,0.47012,0.86373,0.94088,0.926,0.9848,0.90626,0.37178,0.45198,0.83062,0.000184343,0.000184343,0.000184343
676,531.169,0.40217,0.46668,0.88971,0.95423,0.94806,0.98583,0.91062,0.37408,0.45191,0.83125,0.000182968,0.000182968,0.000182968
677,531.951,0.46377,0.53461,0.86024,0.95423,0.94806,0.98583,0.91062,0.37408,0.45191,0.83125,0.000181593,0.000181593,0.000181593
678,532.743,0.41992,0.48867,0.8609,0.95423,0.94806,0.98583,0.91062,0.37408,0.45191,0.83125,0.000180218,0.000180218,0.000180218
679,533.53,0.51301,0.53993,0.85534,0.95423,0.94806,0.98583,0.91062,0.37408,0.45191,0.83125,0.000178843,0.000178843,0.000178843
680,534.335,0.46662,0.50343,0.8539,0.95131,0.94777,0.98315,0.90804,0.37558,0.45009,0.83209,0.000177468,0.000177468,0.000177468
681,535.097,0.44067,0.53982,0.85047,0.95131,0.94777,0.98315,0.90804,0.37558,0.45009,0.83209,0.000176094,0.000176094,0.000176094
682,535.879,0.4594,0.5146,0.86975,0.95131,0.94777,0.98315,0.90804,0.37558,0.45009,0.83209,0.000174719,0.000174719,0.000174719
683,536.647,0.46376,0.53836,0.87068,0.95131,0.94777,0.98315,0.90804,0.37558,0.45009,0.83209,0.000173344,0.000173344,0.000173344
684,537.446,0.40318,0.45495,0.83335,0.96439,0.93351,0.98539,0.90968,0.37461,0.448,0.83176,0.000171969,0.000171969,0.000171969
685,538.199,0.39529,0.46728,0.86303,0.96439,0.93351,0.98539,0.90968,0.37461,0.448,0.83176,0.000170594,0.000170594,0.000170594
686,538.951,0.41539,0.51853,0.88148,0.96439,0.93351,0.98539,0.90968,0.37461,0.448,0.83176,0.000169219,0.000169219,0.000169219
687,539.713,0.48828,0.55002,0.85417,0.96439,0.93351,0.98539,0.90968,0.37461,0.448,0.83176,0.000167844,0.000167844,0.000167844
688,540.486,0.44048,0.51203,0.85569,0.97323,0.9163,0.98468,0.9075,0.37297,0.44923,0.8311,0.000166469,0.000166469,0.000166469
689,541.26,0.49101,0.53661,0.85713,0.97323,0.9163,0.98468,0.9075,0.37297,0.44923,0.8311,0.000165095,0.000165095,0.000165095
690,542.032,0.43406,0.51416,0.85574,0.97323,0.9163,0.98468,0.9075,0.37297,0.44923,0.8311,0.00016372,0.00016372,0.00016372
691,542.792,0.44684,0.50463,0.85156,0.97323,0.9163,0.98468,0.9075,0.37297,0.44923,0.8311,0.000162345,0.000162345,0.000162345
692,543.598,0.48001,0.50355,0.88429,0.92087,0.95509,0.98149,0.90283,0.37143,0.45106,0.83024,0.00016097,0.00016097,0.00016097
693,544.351,0.4545,0.50433,0.85809,0.92087,0.95509,0.98149,0.90283,0.37143,0.45106,0.83024,0.000159595,0.000159595,0.000159595
694,545.109,0.47519,0.55638,0.90884,0.92087,0.95509,0.98149,0.90283,0.37143,0.45106,0.83024,0.00015822,0.00015822,0.00015822
695,545.855,0.46623,0.52352,0.88342,0.92087,0.95509,0.98149,0.90283,0.37143,0.45106,0.83024,0.000156845,0.000156845,0.000156845
696,546.623,0.43661,0.51705,0.86781,0.96817,0.91321,0.98411,0.90946,0.36674,0.45456,0.82917,0.000155471,0.000155471,0.000155471
697,547.391,0.45041,0.51734,0.84462,0.96817,0.91321,0.98411,0.90946,0.36674,0.45456,0.82917,0.000154096,0.000154096,0.000154096
698,548.178,0.46704,0.49166,0.86024,0.96817,0.91321,0.98411,0.90946,0.36674,0.45456,0.82917,0.000152721,0.000152721,0.000152721
699,548.961,0.52114,0.54452,0.85442,0.96817,0.91321,0.98411,0.90946,0.36674,0.45456,0.82917,0.000151346,0.000151346,0.000151346
700,549.746,0.42581,0.48552,0.8528,0.92692,0.93922,0.97967,0.91006,0.36433,0.4547,0.82828,0.000149971,0.000149971,0.000149971
701,550.498,0.41902,0.46906,0.86473,0.92692,0.93922,0.97967,0.91006,0.36433,0.4547,0.82828,0.000148596,0.000148596,0.000148596
702,551.26,0.40159,0.49064,0.87016,0.92692,0.93922,0.97967,0.91006,0.36433,0.4547,0.82828,0.000147221,0.000147221,0.000147221
703,552.056,0.50551,0.55075,0.84713,0.92692,0.93922,0.97967,0.91006,0.36433,0.4547,0.82828,0.000145847,0.000145847,0.000145847
704,552.851,0.36542,0.4863,0.85069,0.99255,0.89063,0.98221,0.91202,0.36403,0.45738,0.82803,0.000144472,0.000144472,0.000144472
705,553.615,0.47107,0.51759,0.84705,0.99255,0.89063,0.98221,0.91202,0.36403,0.45738,0.82803,0.000143097,0.000143097,0.000143097
706,554.404,0.42228,0.50452,0.87663,0.99255,0.89063,0.98221,0.91202,0.36403,0.45738,0.82803,0.000141722,0.000141722,0.000141722
707,555.179,0.37717,0.47233,0.84989,0.99255,0.89063,0.98221,0.91202,0.36403,0.45738,0.82803,0.000140347,0.000140347,0.000140347
708,555.984,0.49166,0.53713,0.893,1,0.89103,0.98144,0.9136,0.36553,0.45814,0.82819,0.000138972,0.000138972,0.000138972
709,556.76,0.45412,0.50762,0.86626,1,0.89103,0.98144,0.9136,0.36553,0.45814,0.82819,0.000137597,0.000137597,0.000137597
710,557.526,0.42235,0.49761,0.86918,1,0.89103,0.98144,0.9136,0.36553,0.45814,0.82819,0.000136222,0.000136222,0.000136222
711,558.303,0.40827,0.49507,0.86451,1,0.89103,0.98144,0.9136,0.36553,0.45814,0.82819,0.000134848,0.000134848,0.000134848
712,559.088,0.45058,0.55817,0.89116,0.99187,0.89721,0.98129,0.91245,0.36735,0.45764,0.82882,0.000133473,0.000133473,0.000133473
713,559.834,0.461,0.5527,0.85799,0.99187,0.89721,0.98129,0.91245,0.36735,0.45764,0.82882,0.000132098,0.000132098,0.000132098
714,560.586,0.43187,0.48065,0.84034,0.99187,0.89721,0.98129,0.91245,0.36735,0.45764,0.82882,0.000130723,0.000130723,0.000130723
715,561.333,0.43875,0.4702,0.85942,0.99187,0.89721,0.98129,0.91245,0.36735,0.45764,0.82882,0.000129348,0.000129348,0.000129348
716,562.106,0.42761,0.49438,0.86565,0.93111,0.92478,0.97753,0.90978,0.36637,0.45468,0.82827,0.000127973,0.000127973,0.000127973
717,562.85,0.41566,0.46605,0.85387,0.93111,0.92478,0.97753,0.90978,0.36637,0.45468,0.82827,0.000126598,0.000126598,0.000126598
718,563.596,0.42385,0.46096,0.84496,0.93111,0.92478,0.97753,0.90978,0.36637,0.45468,0.82827,0.000125224,0.000125224,0.000125224
719,564.347,0.43103,0.4825,0.86544,0.93111,0.92478,0.97753,0.90978,0.36637,0.45468,0.82827,0.000123849,0.000123849,0.000123849
720,565.101,0.39732,0.5273,0.86553,0.9816,0.90498,0.9814,0.91488,0.36091,0.45079,0.82776,0.000122474,0.000122474,0.000122474
721,565.867,0.52557,0.57863,0.87803,0.9816,0.90498,0.9814,0.91488,0.36091,0.45079,0.82776,0.000121099,0.000121099,0.000121099
722,566.635,0.51786,0.54425,0.88536,0.9816,0.90498,0.9814,0.91488,0.36091,0.45079,0.82776,0.000119724,0.000119724,0.000119724
723,567.426,0.43277,0.49739,0.84518,0.9816,0.90498,0.9814,0.91488,0.36091,0.45079,0.82776,0.000118349,0.000118349,0.000118349
724,568.224,0.44586,0.48287,0.84576,0.91497,0.95186,0.98022,0.91335,0.35687,0.45055,0.82661,0.000116974,0.000116974,0.000116974
725,568.981,0.46058,0.48366,0.88013,0.91497,0.95186,0.98022,0.91335,0.35687,0.45055,0.82661,0.0001156,0.0001156,0.0001156
726,569.738,0.46797,0.50685,0.85026,0.91497,0.95186,0.98022,0.91335,0.35687,0.45055,0.82661,0.000114225,0.000114225,0.000114225
727,570.49,0.44412,0.57069,0.8536,0.91497,0.95186,0.98022,0.91335,0.35687,0.45055,0.82661,0.00011285,0.00011285,0.00011285
728,571.248,0.46534,0.51005,0.86071,0.90855,0.96012,0.97995,0.91372,0.35681,0.45066,0.82587,0.000111475,0.000111475,0.000111475
729,572.008,0.41324,0.51529,0.86906,0.90855,0.96012,0.97995,0.91372,0.35681,0.45066,0.82587,0.0001101,0.0001101,0.0001101
730,572.761,0.41534,0.49035,0.86722,0.90855,0.96012,0.97995,0.91372,0.35681,0.45066,0.82587,0.000108725,0.000108725,0.000108725
731,573.514,0.4283,0.49636,0.85399,0.90855,0.96012,0.97995,0.91372,0.35681,0.45066,0.82587,0.00010735,0.00010735,0.00010735
732,574.277,0.46194,0.54333,0.88749,0.90407,0.96556,0.98227,0.91255,0.35495,0.44869,0.82529,0.000105976,0.000105976,0.000105976
733,575.024,0.35625,0.49322,0.84678,0.90407,0.96556,0.98227,0.91255,0.35495,0.44869,0.82529,0.000104601,0.000104601,0.000104601
734,575.774,0.42886,0.50405,0.84819,0.90407,0.96556,0.98227,0.91255,0.35495,0.44869,0.82529,0.000103226,0.000103226,0.000103226
735,576.527,0.43515,0.46861,0.86562,0.90407,0.96556,0.98227,0.91255,0.35495,0.44869,0.82529,0.000101851,0.000101851,0.000101851
736,577.305,0.46565,0.52417,0.87872,0.94994,0.94707,0.98429,0.91491,0.35265,0.44595,0.82503,0.000100476,0.000100476,0.000100476
737,578.084,0.47053,0.48819,0.84489,0.94994,0.94707,0.98429,0.91491,0.35265,0.44595,0.82503,9.91012e-05,9.91012e-05,9.91012e-05
738,578.858,0.39916,0.53225,0.84867,0.94994,0.94707,0.98429,0.91491,0.35265,0.44595,0.82503,9.77263e-05,9.77263e-05,9.77263e-05
739,579.757,0.47718,0.49781,0.84893,0.94994,0.94707,0.98429,0.91491,0.35265,0.44595,0.82503,9.63515e-05,9.63515e-05,9.63515e-05
740,580.544,0.38743,0.48727,0.88464,0.94208,0.95315,0.98477,0.91573,0.35263,0.44376,0.82513,9.49766e-05,9.49766e-05,9.49766e-05
741,581.348,0.47522,0.49159,0.8567,0.94208,0.95315,0.98477,0.91573,0.35263,0.44376,0.82513,9.36017e-05,9.36017e-05,9.36017e-05
742,582.15,0.4417,0.4795,0.81992,0.94208,0.95315,0.98477,0.91573,0.35263,0.44376,0.82513,9.22269e-05,9.22269e-05,9.22269e-05
743,582.956,0.45191,0.51034,0.84605,0.94208,0.95315,0.98477,0.91573,0.35263,0.44376,0.82513,9.0852e-05,9.0852e-05,9.0852e-05
744,583.761,0.40304,0.5004,0.89529,0.9363,0.95737,0.98418,0.91727,0.3533,0.44291,0.82505,8.94772e-05,8.94772e-05,8.94772e-05
745,584.553,0.36055,0.49863,0.87441,0.9363,0.95737,0.98418,0.91727,0.3533,0.44291,0.82505,8.81023e-05,8.81023e-05,8.81023e-05
746,585.354,0.4662,0.50324,0.87438,0.9363,0.95737,0.98418,0.91727,0.3533,0.44291,0.82505,8.67274e-05,8.67274e-05,8.67274e-05
747,586.156,0.46133,0.52476,0.8519,0.9363,0.95737,0.98418,0.91727,0.3533,0.44291,0.82505,8.53526e-05,8.53526e-05,8.53526e-05
748,586.951,0.39472,0.46548,0.8468,0.89259,0.97802,0.98156,0.91294,0.35282,0.44093,0.82509,8.39777e-05,8.39777e-05,8.39777e-05
749,587.767,0.38946,0.46975,0.84707,0.89259,0.97802,0.98156,0.91294,0.35282,0.44093,0.82509,8.26028e-05,8.26028e-05,8.26028e-05
750,588.54,0.46334,0.52562,0.86152,0.89259,0.97802,0.98156,0.91294,0.35282,0.44093,0.82509,8.1228e-05,8.1228e-05,8.1228e-05
751,589.339,0.53839,0.54333,0.85206,0.89259,0.97802,0.98156,0.91294,0.35282,0.44093,0.82509,7.98531e-05,7.98531e-05,7.98531e-05
752,590.152,0.40232,0.49121,0.86103,0.89252,0.97728,0.98149,0.91299,0.35108,0.43886,0.82511,7.84783e-05,7.84783e-05,7.84783e-05
753,590.924,0.43332,0.50925,0.83249,0.89252,0.97728,0.98149,0.91299,0.35108,0.43886,0.82511,7.71034e-05,7.71034e-05,7.71034e-05
754,591.707,0.47647,0.51121,0.85158,0.89252,0.97728,0.98149,0.91299,0.35108,0.43886,0.82511,7.57285e-05,7.57285e-05,7.57285e-05
755,592.456,0.4879,0.53869,0.84217,0.89252,0.97728,0.98149,0.91299,0.35108,0.43886,0.82511,7.43537e-05,7.43537e-05,7.43537e-05
756,593.267,0.53872,0.51898,0.86453,0.93256,0.95791,0.98252,0.91577,0.35185,0.43791,0.82529,7.29788e-05,7.29788e-05,7.29788e-05
757,594.037,0.42455,0.50065,0.84578,0.93256,0.95791,0.98252,0.91577,0.35185,0.43791,0.82529,7.1604e-05,7.1604e-05,7.1604e-05
758,594.812,0.45712,0.53824,0.89201,0.93256,0.95791,0.98252,0.91577,0.35185,0.43791,0.82529,7.02291e-05,7.02291e-05,7.02291e-05
759,595.581,0.45399,0.48953,0.87345,0.93256,0.95791,0.98252,0.91577,0.35185,0.43791,0.82529,6.88542e-05,6.88542e-05,6.88542e-05
760,596.383,0.41154,0.52296,0.84469,0.89442,0.97393,0.98195,0.91286,0.35217,0.4374,0.82549,6.74794e-05,6.74794e-05,6.74794e-05
761,597.148,0.40688,0.48205,0.85547,0.89442,0.97393,0.98195,0.91286,0.35217,0.4374,0.82549,6.61045e-05,6.61045e-05,6.61045e-05
762,597.929,0.48248,0.51869,0.87219,0.89442,0.97393,0.98195,0.91286,0.35217,0.4374,0.82549,6.47296e-05,6.47296e-05,6.47296e-05
763,598.695,0.46644,0.49549,0.86097,0.89442,0.97393,0.98195,0.91286,0.35217,0.4374,0.82549,6.33548e-05,6.33548e-05,6.33548e-05
764,599.466,0.43815,0.47503,0.87716,0.93765,0.95566,0.98461,0.91556,0.35183,0.43766,0.82541,6.19799e-05,6.19799e-05,6.19799e-05
765,600.229,0.43082,0.48963,0.85099,0.93765,0.95566,0.98461,0.91556,0.35183,0.43766,0.82541,6.06051e-05,6.06051e-05,6.06051e-05
766,600.988,0.44365,0.53541,0.86565,0.93765,0.95566,0.98461,0.91556,0.35183,0.43766,0.82541,5.92302e-05,5.92302e-05,5.92302e-05
767,601.725,0.42243,0.50383,0.87494,0.93765,0.95566,0.98461,0.91556,0.35183,0.43766,0.82541,5.78553e-05,5.78553e-05,5.78553e-05
768,602.506,0.41456,0.49155,0.86409,0.89866,0.96976,0.98216,0.91088,0.35331,0.43873,0.82531,5.64805e-05,5.64805e-05,5.64805e-05
769,603.28,0.47636,0.47863,0.86165,0.89866,0.96976,0.98216,0.91088,0.35331,0.43873,0.82531,5.51056e-05,5.51056e-05,5.51056e-05
770,604.043,0.45937,0.49739,0.86159,0.89866,0.96976,0.98216,0.91088,0.35331,0.43873,0.82531,5.37307e-05,5.37307e-05,5.37307e-05
771,604.839,0.45977,0.56864,0.8556,0.89866,0.96976,0.98216,0.91088,0.35331,0.43873,0.82531,5.23559e-05,5.23559e-05,5.23559e-05
772,605.632,0.42635,0.51517,0.83276,0.94097,0.95302,0.98468,0.91393,0.35481,0.43992,0.82539,5.0981e-05,5.0981e-05,5.0981e-05
773,606.429,0.41858,0.47661,0.85943,0.94097,0.95302,0.98468,0.91393,0.35481,0.43992,0.82539,4.96062e-05,4.96062e-05,4.96062e-05
774,607.231,0.51303,0.53108,0.86731,0.94097,0.95302,0.98468,0.91393,0.35481,0.43992,0.82539,4.82313e-05,4.82313e-05,4.82313e-05
775,608.006,0.43272,0.48492,0.86245,0.94097,0.95302,0.98468,0.91393,0.35481,0.43992,0.82539,4.68564e-05,4.68564e-05,4.68564e-05
776,608.777,0.41529,0.57009,0.8461,0.9423,0.95212,0.98451,0.91397,0.35567,0.44018,0.82534,4.54816e-05,4.54816e-05,4.54816e-05
777,609.565,0.52282,0.53231,0.84837,0.9423,0.95212,0.98451,0.91397,0.35567,0.44018,0.82534,4.41067e-05,4.41067e-05,4.41067e-05
778,610.333,0.45157,0.50583,0.86593,0.9423,0.95212,0.98451,0.91397,0.35567,0.44018,0.82534,4.27318e-05,4.27318e-05,4.27318e-05
779,611.104,0.47458,0.47383,0.85871,0.9423,0.95212,0.98451,0.91397,0.35567,0.44018,0.82534,4.1357e-05,4.1357e-05,4.1357e-05
780,611.898,0.5063,0.54688,0.86125,0.94535,0.94812,0.98449,0.91455,0.35607,0.44041,0.82505,3.99821e-05,3.99821e-05,3.99821e-05
781,612.683,0.36079,0.45186,0.86669,0.94535,0.94812,0.98449,0.91455,0.35607,0.44041,0.82505,3.86073e-05,3.86073e-05,3.86073e-05
782,613.478,0.46314,0.50976,0.85829,0.94535,0.94812,0.98449,0.91455,0.35607,0.44041,0.82505,3.72324e-05,3.72324e-05,3.72324e-05
783,614.228,0.35367,0.47889,0.86054,0.94535,0.94812,0.98449,0.91455,0.35607,0.44041,0.82505,3.58575e-05,3.58575e-05,3.58575e-05
784,615.013,0.46264,0.49058,0.87703,0.90446,0.96501,0.98151,0.91166,0.35399,0.44051,0.82459,3.44827e-05,3.44827e-05,3.44827e-05
785,615.766,0.40243,0.45292,0.85535,0.90446,0.96501,0.98151,0.91166,0.35399,0.44051,0.82459,3.31078e-05,3.31078e-05,3.31078e-05
786,616.533,0.40648,0.49032,0.89693,0.90446,0.96501,0.98151,0.91166,0.35399,0.44051,0.82459,3.17329e-05,3.17329e-05,3.17329e-05
787,617.283,0.48128,0.50659,0.85234,0.90446,0.96501,0.98151,0.91166,0.35399,0.44051,0.82459,3.03581e-05,3.03581e-05,3.03581e-05
788,618.048,0.44114,0.48489,0.87507,0.90284,0.9648,0.98168,0.91374,0.35174,0.43993,0.82411,2.89832e-05,2.89832e-05,2.89832e-05
789,618.796,0.41203,0.4917,0.83899,0.90284,0.9648,0.98168,0.91374,0.35174,0.43993,0.82411,2.76084e-05,2.76084e-05,2.76084e-05
790,619.548,0.35294,0.44345,0.86778,0.90284,0.9648,0.98168,0.91374,0.35174,0.43993,0.82411,2.62335e-05,2.62335e-05,2.62335e-05
791,627.123,0.4322,0.51623,0.86816,0.90284,0.9648,0.98168,0.91374,0.35174,0.43993,0.82411,2.48586e-05,2.48586e-05,2.48586e-05
792,627.932,0.46463,0.52926,0.86551,0.9516,0.9326,0.98421,0.91677,0.35121,0.43953,0.8238,2.34838e-05,2.34838e-05,2.34838e-05
793,628.701,0.43209,0.54434,0.84214,0.9516,0.9326,0.98421,0.91677,0.35121,0.43953,0.8238,2.21089e-05,2.21089e-05,2.21089e-05
794,629.443,0.46199,0.58204,0.86234,0.9516,0.9326,0.98421,0.91677,0.35121,0.43953,0.8238,2.0734e-05,2.0734e-05,2.0734e-05
795,630.19,0.41937,0.51804,0.85713,0.9516,0.9326,0.98421,0.91677,0.35121,0.43953,0.8238,1.93592e-05,1.93592e-05,1.93592e-05
796,630.944,0.44579,0.53548,0.82858,0.90592,0.9622,0.97898,0.91337,0.35234,0.4395,0.82371,1.79843e-05,1.79843e-05,1.79843e-05
797,631.685,0.40541,0.51664,0.82326,0.90592,0.9622,0.97898,0.91337,0.35234,0.4395,0.82371,1.66095e-05,1.66095e-05,1.66095e-05
798,632.55,0.44246,0.5433,0.84776,0.90592,0.9622,0.97898,0.91337,0.35234,0.4395,0.82371,1.52346e-05,1.52346e-05,1.52346e-05
799,633.28,0.40201,0.49511,0.85072,0.90592,0.9622,0.97898,0.91337,0.35234,0.4395,0.82371,1.38597e-05,1.38597e-05,1.38597e-05
800,634.022,0.40024,0.5098,0.84192,0.95916,0.92501,0.98123,0.91448,0.35396,0.43944,0.82363,1.24849e-05,1.24849e-05,1.24849e-05
